2026-09-14T18:36:15.4338582Z State: Starting, Action: EstablishingSiteNetworks, LastError: , LastErrorTimestamp: 01/01/0001 00:00:00, LastErrorDetails: , Details: , DetailsLevel: INFO
2026-09-14T18:36:17.9913759Z State: Starting, Action: StartingSiteContainers, LastError: , LastErrorTimestamp: 01/01/0001 00:00:00, LastErrorDetails: , Details: , DetailsLevel: INFO
2026-09-14T18:36:17.9914357Z Container start method called.
2026-09-14T18:36:17.9914635Z State: Starting, Action: PullingImage, LastError: , LastErrorTimestamp: 01/01/0001 00:00:00, LastErrorDetails: , Details: Pulling image 10.1.0.6:13209/appsvc/python:3.11_20260910.3.tuxprod for srn-bhavya-app., DetailsLevel: INFO
2026-09-14T18:36:17.9914987Z Establishing network.
2026-09-14T18:36:17.9915527Z Pulling image: appsvc/python:3.11_20260910.3.tuxprod.
2026-09-14T18:37:04.1137650Z Image appsvc/python:3.11_20260910.3.tuxprod is pulled from registry 10.1.0.6:13209
2026-09-14T18:37:04.1207264Z Container is starting.
2026-09-14T18:37:04.1219600Z State: Starting, Action: MountingVolumes, LastError: , LastErrorTimestamp: 01/01/0001 00:00:00, LastErrorDetails: , Details: Mounting volumes for srn-bhavya-app., DetailsLevel: INFO
2026-09-14T18:37:04.1224109Z Establishing user namespace if not established already.
2026-09-14T18:37:04.1227982Z Establishing network if not established already.
2026-09-14T18:37:04.1236320Z Mounting volumes.
2026-09-14T18:37:04.1404030Z Nested mountpoint 
2026-09-14T18:37:04.1619814Z Nested mountpoint volatile/logs
2026-09-14T18:37:04.1812749Z Nested mountpoint 
2026-09-14T18:37:04.2420339Z Nested mountpoint 
2026-09-14T18:37:04.2729024Z Nested mountpoint 
2026-09-14T18:37:04.3131308Z Nested mountpoint 
2026-09-14T18:37:04.6035020Z State: Starting, Action: CreatingContainer, LastError: , LastErrorTimestamp: 01/01/0001 00:00:00, LastErrorDetails: , Details: Finished pulling container image and mounting volumes for srn-bhavya-app. Allocatinng the rest of the container resources to finish container creation., DetailsLevel: INFO
2026-09-14T18:37:04.6040500Z Creating container.
2026-09-14T18:37:04.6044568Z Creating pipes for streaming container io.
2026-09-14T18:37:04.6054519Z Creating stdout named pipe at /podr/container/pipe/14a149523448_srn-bhavya-app/stdout_a3925d8fb3b341ceb48681f90458e3c4.
2026-09-14T18:37:04.6120829Z Successfully created stdout named pipe at: /podr/container/pipe/14a149523448_srn-bhavya-app/stdout_a3925d8fb3b341ceb48681f90458e3c4.
2026-09-14T18:37:04.6124492Z Opening named pipe /podr/container/pipe/14a149523448_srn-bhavya-app/stdout_a3925d8fb3b341ceb48681f90458e3c4 for reading in non-blocking mode.
2026-09-14T18:37:04.6131650Z Successfully opened named pipe: /podr/container/pipe/14a149523448_srn-bhavya-app/stdout_a3925d8fb3b341ceb48681f90458e3c4.
2026-09-14T18:37:04.6136752Z Successfully removed non-blocking flag from /podr/container/pipe/14a149523448_srn-bhavya-app/stdout_a3925d8fb3b341ceb48681f90458e3c4.
2026-09-14T18:37:04.6142881Z Creating stderr named pipe at /podr/container/pipe/14a149523448_srn-bhavya-app/stderr_d27db3935b0347829f5c7579a9056aca.
2026-09-14T18:37:04.6144524Z Successfully created stderr named pipe at: /podr/container/pipe/14a149523448_srn-bhavya-app/stderr_d27db3935b0347829f5c7579a9056aca.
2026-09-14T18:37:04.6145572Z Opening named pipe /podr/container/pipe/14a149523448_srn-bhavya-app/stderr_d27db3935b0347829f5c7579a9056aca for reading in non-blocking mode.
2026-09-14T18:37:04.6150078Z Successfully opened named pipe: /podr/container/pipe/14a149523448_srn-bhavya-app/stderr_d27db3935b0347829f5c7579a9056aca.
2026-09-14T18:37:04.6151835Z Successfully removed non-blocking flag from /podr/container/pipe/14a149523448_srn-bhavya-app/stderr_d27db3935b0347829f5c7579a9056aca.
2026-09-14T18:37:04.6154043Z Creating container with image: appsvc/python:3.11_20260910.3.tuxprod from registry: 10.1.0.6:13209 and fully qualified image name: 10.1.0.6:13209/appsvc/python:3.11_20260910.3.tuxprod
2026-09-14T18:37:06.1691911Z Starting container: 14a149523448_srn-bhavya-app.
2026-09-14T18:37:06.3025850Z Starting watchers and probes.
2026-09-14T18:37:06.3094474Z Starting metrics collection.
2026-09-14T18:37:06.3122208Z Container is running.
2026-09-14T18:37:06.3126607Z State: Starting, Action: CreatingContainer, LastError: , LastErrorTimestamp: 01/01/0001 00:00:00, LastErrorDetails: , Details: Container srn-bhavya-app successfully created and is running., DetailsLevel: INFO
2026-09-14T18:37:06.6089918Z Container start method finished after 48617 ms.
2026-09-14T18:37:06.6091310Z State: Starting, Action: InitiatingSiteWarmUpProbe, LastError: , LastErrorTimestamp: 01/01/0001 00:00:00, LastErrorDetails: , Details: Container srn-bhavya-app successfully created and is running., DetailsLevel: INFO
2026-09-14T18:37:06.6091596Z State: Starting, Action: WaitingForSiteWarmUpProbeSuccess, LastError: , LastErrorTimestamp: 01/01/0001 00:00:00, LastErrorDetails: , Details: Pinging warmup path to ensure container is ready to receive requests., DetailsLevel: INFO
2026-09-14T18:37:44.5415344Z Container has finished running with exit code: 3.
2026-09-14T18:37:44.5532970Z Container is terminating. Grace period: 5 seconds.
2026-09-14T18:37:44.5774921Z Stop and delete container. Retry count = 0
2026-09-14T18:37:44.5795627Z Stopping container: 14a149523448_srn-bhavya-app.
2026-09-14T18:37:44.6995811Z Deleting container: 14a149523448_srn-bhavya-app. Retry count = 0
2026-09-14T18:37:45.0004176Z Container spec TerminationMessagePolicy  path 
2026-09-14T18:37:45.0034971Z Container is terminated. Total time elapsed: 445 ms.
2026-09-14T18:37:45.0040512Z Site container: srn-bhavya-app terminated during site startup.
2026-09-14T18:37:45.0217645Z State: Stopping, Action: CancellingStartup, LastError: , LastErrorTimestamp: 01/01/0001 00:00:00, LastErrorDetails: , Details: Site container: srn-bhavya-app terminated during site startup. Cancelling site startup., DetailsLevel: ERR
2026-09-14T18:37:45.0822288Z Site startup probe failed after 38.3622971 seconds.
2026-09-14T18:37:45.4425921Z State: Stopping, Action: CancellingStartup, LastError: ContainerStartupFailure, LastErrorTimestamp: 09/14/2026 18:37:45, LastErrorDetails: Container exited with exit code 3 during startup after 38.7s. Please inspect your container logs for more details., Details: Site container: srn-bhavya-app terminated during site startup. Cancelling site startup., DetailsLevel: ERR
2026-09-14T18:37:45.4598475Z Failed to start site. Revert by stopping site.
2026-09-14T18:37:45.4704152Z State: Stopping, Action: StoppingSite, LastError: ContainerStartupFailure, LastErrorTimestamp: 09/14/2026 18:37:45, LastErrorDetails: Container exited with exit code 3 during startup after 38.7s. Please inspect your container logs for more details., Details: Site container: srn-bhavya-app terminated during site startup. Cancelling site startup., DetailsLevel: ERR
2026-09-14T18:37:45.4814088Z State: Stopping, Action: StoppingSiteContainers, LastError: ContainerStartupFailure, LastErrorTimestamp: 09/14/2026 18:37:45, LastErrorDetails: Container exited with exit code 3 during startup after 38.7s. Please inspect your container logs for more details., Details: Site container: srn-bhavya-app terminated during site startup. Cancelling site startup., DetailsLevel: ERR
2026-09-14T18:37:45.4822393Z Site: srn-bhavya-app stopped.
2026-09-14T18:37:45.5132758Z State: Stopping, Action: UnmountingVolumes, LastError: ContainerStartupFailure, LastErrorTimestamp: 09/14/2026 18:37:45, LastErrorDetails: Container exited with exit code 3 during startup after 38.7s. Please inspect your container logs for more details., Details: Site container: srn-bhavya-app terminated during site startup. Cancelling site startup., DetailsLevel: ERR
2026-09-14T18:37:45.7953413Z State: Stopping, Action: StoppingSiteNetworks, LastError: ContainerStartupFailure, LastErrorTimestamp: 09/14/2026 18:37:45, LastErrorDetails: Container exited with exit code 3 during startup after 38.7s. Please inspect your container logs for more details., Details: Site container: srn-bhavya-app terminated during site startup. Cancelling site startup., DetailsLevel: ERR
2026-09-14T18:37:46.0998957Z State: Stopped, Action: None, LastError: ContainerStartupFailure, LastErrorTimestamp: 09/14/2026 18:37:45, LastErrorDetails: Container exited with exit code 3 during startup after 38.7s. Please inspect your container logs for more details., Details: Site stopped at 09/14/2026 18:37:46 (UTC), DetailsLevel: ERR
2026-09-14T18:37:46.9708854Z State: Stopped, Action: None, LastError: ContainerStartupFailure, LastErrorTimestamp: 09/14/2026 18:37:45, LastErrorDetails: Container exited with exit code 3 during startup after 38.7s. Please inspect your container logs for more details., Details: Site stopped at 09/14/2026 18:37:46 (UTC), DetailsLevel: ERR
2026-09-14T18:37:52.3887884Z State: Starting, Action: EstablishingSiteNetworks, LastError: ContainerStartupFailure, LastErrorTimestamp: 09/14/2026 18:37:45, LastErrorDetails: Container exited with exit code 3 during startup after 38.7s. Please inspect your container logs for more details., Details: Site stopped at 09/14/2026 18:37:46 (UTC), DetailsLevel: ERR
2026-09-14T18:37:53.3521398Z State: Starting, Action: StartingSiteContainers, LastError: ContainerStartupFailure, LastErrorTimestamp: 09/14/2026 18:37:45, LastErrorDetails: Container exited with exit code 3 during startup after 38.7s. Please inspect your container logs for more details., Details: Site stopped at 09/14/2026 18:37:46 (UTC), DetailsLevel: ERR
2026-09-14T18:37:53.3524869Z Container start method called.
2026-09-14T18:37:53.3528083Z State: Starting, Action: PullingImage, LastError: ContainerStartupFailure, LastErrorTimestamp: 09/14/2026 18:37:45, LastErrorDetails: Container exited with exit code 3 during startup after 38.7s. Please inspect your container logs for more details., Details: Pulling image 10.1.0.6:13209/appsvc/python:3.11_20260910.3.tuxprod for srn-bhavya-app., DetailsLevel: INFO
2026-09-14T18:37:53.3531193Z Establishing network.
2026-09-14T18:37:53.3605109Z Pulling image: appsvc/python:3.11_20260910.3.tuxprod.
2026-09-14T18:37:53.9398738Z Container is starting.
2026-09-14T18:37:53.9465337Z State: Starting, Action: MountingVolumes, LastError: ContainerStartupFailure, LastErrorTimestamp: 09/14/2026 18:37:45, LastErrorDetails: Container exited with exit code 3 during startup after 38.7s. Please inspect your container logs for more details., Details: Mounting volumes for srn-bhavya-app., DetailsLevel: INFO
2026-09-14T18:37:53.9472146Z Establishing user namespace if not established already.
2026-09-14T18:37:53.9473158Z Establishing network if not established already.
2026-09-14T18:37:53.9473891Z Mounting volumes.
2026-09-14T18:37:53.9699288Z Nested mountpoint 
2026-09-14T18:37:54.0088343Z Nested mountpoint volatile/logs
2026-09-14T18:37:54.0218843Z Nested mountpoint 
2026-09-14T18:37:54.0304970Z Nested mountpoint 
2026-09-14T18:37:54.0385097Z Nested mountpoint 
2026-09-14T18:37:54.0401956Z Nested mountpoint 
2026-09-14T18:37:54.6800314Z State: Starting, Action: CreatingContainer, LastError: ContainerStartupFailure, LastErrorTimestamp: 09/14/2026 18:37:45, LastErrorDetails: Container exited with exit code 3 during startup after 38.7s. Please inspect your container logs for more details., Details: Finished pulling container image and mounting volumes for srn-bhavya-app. Allocatinng the rest of the container resources to finish container creation., DetailsLevel: INFO
2026-09-14T18:37:54.6805948Z Creating container.
2026-09-14T18:37:54.6807661Z Creating pipes for streaming container io.
2026-09-14T18:37:54.6819790Z Creating stdout named pipe at /podr/container/pipe/f4b46d2bfea4_srn-bhavya-app/stdout_2f8f4049bc6f4d1e9bd45be870a18d65.
2026-09-14T18:37:54.6887992Z Successfully created stdout named pipe at: /podr/container/pipe/f4b46d2bfea4_srn-bhavya-app/stdout_2f8f4049bc6f4d1e9bd45be870a18d65.
2026-09-14T18:37:54.6889503Z Opening named pipe /podr/container/pipe/f4b46d2bfea4_srn-bhavya-app/stdout_2f8f4049bc6f4d1e9bd45be870a18d65 for reading in non-blocking mode.
2026-09-14T18:37:54.6891225Z Successfully opened named pipe: /podr/container/pipe/f4b46d2bfea4_srn-bhavya-app/stdout_2f8f4049bc6f4d1e9bd45be870a18d65.
2026-09-14T18:37:54.6892140Z Successfully removed non-blocking flag from /podr/container/pipe/f4b46d2bfea4_srn-bhavya-app/stdout_2f8f4049bc6f4d1e9bd45be870a18d65.
2026-09-14T18:37:54.6906695Z Creating stderr named pipe at /podr/container/pipe/f4b46d2bfea4_srn-bhavya-app/stderr_2ded691bf68242b3a1ca1b301bd032a8.
2026-09-14T18:37:54.6915686Z Successfully created stderr named pipe at: /podr/container/pipe/f4b46d2bfea4_srn-bhavya-app/stderr_2ded691bf68242b3a1ca1b301bd032a8.
2026-09-14T18:37:54.7013041Z Opening named pipe /podr/container/pipe/f4b46d2bfea4_srn-bhavya-app/stderr_2ded691bf68242b3a1ca1b301bd032a8 for reading in non-blocking mode.
2026-09-14T18:37:54.7015258Z Successfully opened named pipe: /podr/container/pipe/f4b46d2bfea4_srn-bhavya-app/stderr_2ded691bf68242b3a1ca1b301bd032a8.
2026-09-14T18:37:54.7018108Z Successfully removed non-blocking flag from /podr/container/pipe/f4b46d2bfea4_srn-bhavya-app/stderr_2ded691bf68242b3a1ca1b301bd032a8.
2026-09-14T18:37:54.7021948Z Creating container with image: appsvc/python:3.11_20260910.3.tuxprod from registry: 10.1.0.6:13209 and fully qualified image name: 10.1.0.6:13209/appsvc/python:3.11_20260910.3.tuxprod
2026-09-14T18:37:55.6214158Z Starting container: f4b46d2bfea4_srn-bhavya-app.
2026-09-14T18:37:55.7702359Z Starting watchers and probes.
2026-09-14T18:37:55.7709276Z Starting metrics collection.
2026-09-14T18:37:55.8103872Z Container is running.
2026-09-14T18:37:55.8105093Z State: Starting, Action: CreatingContainer, LastError: ContainerStartupFailure, LastErrorTimestamp: 09/14/2026 18:37:45, LastErrorDetails: Container exited with exit code 3 during startup after 38.7s. Please inspect your container logs for more details., Details: Container srn-bhavya-app successfully created and is running., DetailsLevel: INFO
2026-09-14T18:37:56.0707846Z Container start method finished after 2718 ms.
2026-09-14T18:37:56.0709441Z State: Starting, Action: InitiatingSiteWarmUpProbe, LastError: ContainerStartupFailure, LastErrorTimestamp: 09/14/2026 18:37:45, LastErrorDetails: Container exited with exit code 3 during startup after 38.7s. Please inspect your container logs for more details., Details: Container srn-bhavya-app successfully created and is running., DetailsLevel: INFO
2026-09-14T18:37:56.0709615Z State: Starting, Action: WaitingForSiteWarmUpProbeSuccess, LastError: ContainerStartupFailure, LastErrorTimestamp: 09/14/2026 18:37:45, LastErrorDetails: Container exited with exit code 3 during startup after 38.7s. Please inspect your container logs for more details., Details: Pinging warmup path to ensure container is ready to receive requests., DetailsLevel: INFO
2026-09-14T18:38:22.9006713Z Container has finished running with exit code: 3.
2026-09-14T18:38:22.9009034Z Container is terminating. Grace period: 5 seconds.
2026-09-14T18:38:22.9032483Z Stop and delete container. Retry count = 0
2026-09-14T18:38:22.9033415Z Stopping container: f4b46d2bfea4_srn-bhavya-app.
2026-09-14T18:38:23.0347187Z Deleting container: f4b46d2bfea4_srn-bhavya-app. Retry count = 0
2026-09-14T18:38:23.3040173Z Container spec TerminationMessagePolicy  path 
2026-09-14T18:38:23.3115001Z Container is terminated. Total time elapsed: 409 ms.
2026-09-14T18:38:23.3120696Z Site container: srn-bhavya-app terminated during site startup.
2026-09-14T18:38:23.3509542Z State: Stopping, Action: CancellingStartup, LastError: ContainerStartupFailure, LastErrorTimestamp: 09/14/2026 18:37:45, LastErrorDetails: Container exited with exit code 3 during startup after 38.7s. Please inspect your container logs for more details., Details: Site container: srn-bhavya-app terminated during site startup. Cancelling site startup., DetailsLevel: ERR
2026-09-14T18:38:23.4401890Z Site startup probe failed after 27.359208 seconds.
2026-09-14T18:38:23.7126259Z State: Stopping, Action: CancellingStartup, LastError: ContainerStartupFailure, LastErrorTimestamp: 09/14/2026 18:38:23, LastErrorDetails: Container exited with exit code 3 during startup after 27.6s. Please inspect your container logs for more details., Details: Site container: srn-bhavya-app terminated during site startup. Cancelling site startup., DetailsLevel: ERR
2026-09-14T18:38:23.7519460Z Failed to start site. Revert by stopping site.
2026-09-14T18:38:23.7531225Z State: Stopping, Action: StoppingSite, LastError: ContainerStartupFailure, LastErrorTimestamp: 09/14/2026 18:38:23, LastErrorDetails: Container exited with exit code 3 during startup after 27.6s. Please inspect your container logs for more details., Details: Site container: srn-bhavya-app terminated during site startup. Cancelling site startup., DetailsLevel: ERR
2026-09-14T18:38:23.7533287Z State: Stopping, Action: StoppingSiteContainers, LastError: ContainerStartupFailure, LastErrorTimestamp: 09/14/2026 18:38:23, LastErrorDetails: Container exited with exit code 3 during startup after 27.6s. Please inspect your container logs for more details., Details: Site container: srn-bhavya-app terminated during site startup. Cancelling site startup., DetailsLevel: ERR
2026-09-14T18:38:23.7533499Z Site: srn-bhavya-app stopped.
2026-09-14T18:38:23.7832931Z State: Stopping, Action: UnmountingVolumes, LastError: ContainerStartupFailure, LastErrorTimestamp: 09/14/2026 18:38:23, LastErrorDetails: Container exited with exit code 3 during startup after 27.6s. Please inspect your container logs for more details., Details: Site container: srn-bhavya-app terminated during site startup. Cancelling site startup., DetailsLevel: ERR
2026-09-14T18:38:24.0213420Z State: Stopping, Action: StoppingSiteNetworks, LastError: ContainerStartupFailure, LastErrorTimestamp: 09/14/2026 18:38:23, LastErrorDetails: Container exited with exit code 3 during startup after 27.6s. Please inspect your container logs for more details., Details: Site container: srn-bhavya-app terminated during site startup. Cancelling site startup., DetailsLevel: ERR
2026-09-14T18:38:24.2725013Z Site: srn-bhavya-app will be blocked for 1 minutes till 09/14/2026 18:39:24
2026-09-14T18:38:24.2783593Z State: Blocked, Action: StoppingSiteNetworks, LastError: ContainerStartupFailure, LastErrorTimestamp: 09/14/2026 18:38:23, LastErrorDetails: Container exited with exit code 3 during startup after 27.6s. Please inspect your container logs for more details., Details: Site: srn-bhavya-app will be blocked for 1 minutes till 09/14/2026 18:39:24, DetailsLevel: WARN
2026-09-14T18:38:24.2938453Z State: Stopped, Action: None, LastError: ContainerStartupFailure, LastErrorTimestamp: 09/14/2026 18:38:23, LastErrorDetails: Container exited with exit code 3 during startup after 27.6s. Please inspect your container logs for more details., Details: Site stopped at 09/14/2026 18:38:24 (UTC), DetailsLevel: WARN
2026-09-14T18:38:25.2567426Z State: Stopped, Action: None, LastError: ContainerStartupFailure, LastErrorTimestamp: 09/14/2026 18:38:23, LastErrorDetails: Container exited with exit code 3 during startup after 27.6s. Please inspect your container logs for more details., Details: Site stopped at 09/14/2026 18:38:24 (UTC), DetailsLevel: WARN
2026-09-14T18:38:30.2714682Z State: Blocked, Action: None, LastError: ContainerStartupFailure, LastErrorTimestamp: 09/14/2026 18:38:23, LastErrorDetails: Container exited with exit code 3 during startup after 27.6s. Please inspect your container logs for more details., Details: Site is blocked due to multiple, consecutive cold start failures. Site scheduled to be unblocked at 09/14/2026 18:39:24, DetailsLevel: WARN
2026-09-14T18:38:30.2716145Z Start site prohibitted because the site is being blocked.
2026-09-14T18:38:35.3284139Z State: Blocked, Action: None, LastError: ContainerStartupFailure, LastErrorTimestamp: 09/14/2026 18:38:23, LastErrorDetails: Container exited with exit code 3 during startup after 27.6s. Please inspect your container logs for more details., Details: Site is blocked due to multiple, consecutive cold start failures. Site scheduled to be unblocked at 09/14/2026 18:39:24, DetailsLevel: WARN
2026-09-14T18:38:35.3284402Z Start site prohibitted because the site is being blocked.
2026-09-14T18:38:40.4042935Z State: Blocked, Action: None, LastError: ContainerStartupFailure, LastErrorTimestamp: 09/14/2026 18:38:23, LastErrorDetails: Container exited with exit code 3 during startup after 27.6s. Please inspect your container logs for more details., Details: Site is blocked due to multiple, consecutive cold start failures. Site scheduled to be unblocked at 09/14/2026 18:39:24, DetailsLevel: WARN
2026-09-14T18:38:40.4043164Z Start site prohibitted because the site is being blocked.
2026-09-14T18:38:45.5155851Z State: Blocked, Action: None, LastError: ContainerStartupFailure, LastErrorTimestamp: 09/14/2026 18:38:23, LastErrorDetails: Container exited with exit code 3 during startup after 27.6s. Please inspect your container logs for more details., Details: Site is blocked due to multiple, consecutive cold start failures. Site scheduled to be unblocked at 09/14/2026 18:39:24, DetailsLevel: WARN
2026-09-14T18:38:45.5157361Z Start site prohibitted because the site is being blocked.
2026-09-14T18:38:50.6150324Z State: Blocked, Action: None, LastError: ContainerStartupFailure, LastErrorTimestamp: 09/14/2026 18:38:23, LastErrorDetails: Container exited with exit code 3 during startup after 27.6s. Please inspect your container logs for more details., Details: Site is blocked due to multiple, consecutive cold start failures. Site scheduled to be unblocked at 09/14/2026 18:39:24, DetailsLevel: WARN
2026-09-14T18:38:50.6152945Z Start site prohibitted because the site is being blocked.
2026-09-14T18:38:55.6780500Z State: Blocked, Action: None, LastError: ContainerStartupFailure, LastErrorTimestamp: 09/14/2026 18:38:23, LastErrorDetails: Container exited with exit code 3 during startup after 27.6s. Please inspect your container logs for more details., Details: Site is blocked due to multiple, consecutive cold start failures. Site scheduled to be unblocked at 09/14/2026 18:39:24, DetailsLevel: WARN
2026-09-14T18:38:55.6781598Z Start site prohibitted because the site is being blocked.
2026-09-14T18:39:00.7742250Z State: Blocked, Action: None, LastError: ContainerStartupFailure, LastErrorTimestamp: 09/14/2026 18:38:23, LastErrorDetails: Container exited with exit code 3 during startup after 27.6s. Please inspect your container logs for more details., Details: Site is blocked due to multiple, consecutive cold start failures. Site scheduled to be unblocked at 09/14/2026 18:39:24, DetailsLevel: WARN
2026-09-14T18:39:00.7742931Z Start site prohibitted because the site is being blocked.
2026-09-14T18:39:05.9098752Z State: Blocked, Action: None, LastError: ContainerStartupFailure, LastErrorTimestamp: 09/14/2026 18:38:23, LastErrorDetails: Container exited with exit code 3 during startup after 27.6s. Please inspect your container logs for more details., Details: Site is blocked due to multiple, consecutive cold start failures. Site scheduled to be unblocked at 09/14/2026 18:39:24, DetailsLevel: WARN
2026-09-14T18:39:05.9098974Z Start site prohibitted because the site is being blocked.
2026-09-14T18:39:11.0039095Z State: Blocked, Action: None, LastError: ContainerStartupFailure, LastErrorTimestamp: 09/14/2026 18:38:23, LastErrorDetails: Container exited with exit code 3 during startup after 27.6s. Please inspect your container logs for more details., Details: Site is blocked due to multiple, consecutive cold start failures. Site scheduled to be unblocked at 09/14/2026 18:39:24, DetailsLevel: WARN
2026-09-14T18:39:11.0039987Z Start site prohibitted because the site is being blocked.
2026-09-14T18:39:16.0880901Z State: Blocked, Action: None, LastError: ContainerStartupFailure, LastErrorTimestamp: 09/14/2026 18:38:23, LastErrorDetails: Container exited with exit code 3 during startup after 27.6s. Please inspect your container logs for more details., Details: Site is blocked due to multiple, consecutive cold start failures. Site scheduled to be unblocked at 09/14/2026 18:39:24, DetailsLevel: WARN
2026-09-14T18:39:16.0882724Z Start site prohibitted because the site is being blocked.
2026-09-14T18:39:21.1816252Z State: Blocked, Action: None, LastError: ContainerStartupFailure, LastErrorTimestamp: 09/14/2026 18:38:23, LastErrorDetails: Container exited with exit code 3 during startup after 27.6s. Please inspect your container logs for more details., Details: Site is blocked due to multiple, consecutive cold start failures. Site scheduled to be unblocked at 09/14/2026 18:39:24, DetailsLevel: WARN
2026-09-14T18:39:21.1874806Z Start site prohibitted because the site is being blocked.
2026-09-14T18:39:24.2726822Z Site: srn-bhavya-app is unblocked.
2026-09-14T18:39:26.2536217Z State: Starting, Action: EstablishingSiteNetworks, LastError: ContainerStartupFailure, LastErrorTimestamp: 09/14/2026 18:38:23, LastErrorDetails: Container exited with exit code 3 during startup after 27.6s. Please inspect your container logs for more details., Details: Site is blocked due to multiple, consecutive cold start failures. Site scheduled to be unblocked at 09/14/2026 18:39:24, DetailsLevel: WARN
2026-09-14T18:39:28.4292130Z State: Starting, Action: StartingSiteContainers, LastError: ContainerStartupFailure, LastErrorTimestamp: 09/14/2026 18:38:23, LastErrorDetails: Container exited with exit code 3 during startup after 27.6s. Please inspect your container logs for more details., Details: Site is blocked due to multiple, consecutive cold start failures. Site scheduled to be unblocked at 09/14/2026 18:39:24, DetailsLevel: WARN
2026-09-14T18:39:28.4298801Z Container start method called.
2026-09-14T18:39:28.4302460Z State: Starting, Action: PullingImage, LastError: ContainerStartupFailure, LastErrorTimestamp: 09/14/2026 18:38:23, LastErrorDetails: Container exited with exit code 3 during startup after 27.6s. Please inspect your container logs for more details., Details: Pulling image 10.1.0.6:13209/appsvc/python:3.11_20260910.3.tuxprod for srn-bhavya-app., DetailsLevel: INFO
2026-09-14T18:39:28.4305815Z Establishing network.
2026-09-14T18:39:28.4315098Z Pulling image: appsvc/python:3.11_20260910.3.tuxprod.
2026-09-14T18:39:29.5225833Z Container is starting.
2026-09-14T18:39:29.5229727Z State: Starting, Action: MountingVolumes, LastError: ContainerStartupFailure, LastErrorTimestamp: 09/14/2026 18:38:23, LastErrorDetails: Container exited with exit code 3 during startup after 27.6s. Please inspect your container logs for more details., Details: Mounting volumes for srn-bhavya-app., DetailsLevel: INFO
2026-09-14T18:39:29.5230699Z Establishing user namespace if not established already.
2026-09-14T18:39:29.5231610Z Establishing network if not established already.
2026-09-14T18:39:29.5302413Z Mounting volumes.
2026-09-14T18:39:29.5313103Z Nested mountpoint 
2026-09-14T18:39:29.5498897Z Nested mountpoint volatile/logs
2026-09-14T18:39:29.5723758Z Nested mountpoint 
2026-09-14T18:39:29.6112598Z Nested mountpoint 
2026-09-14T18:39:29.6491263Z Nested mountpoint 
2026-09-14T18:39:29.6517449Z Nested mountpoint 
2026-09-14T18:39:29.9924592Z State: Starting, Action: CreatingContainer, LastError: ContainerStartupFailure, LastErrorTimestamp: 09/14/2026 18:38:23, LastErrorDetails: Container exited with exit code 3 during startup after 27.6s. Please inspect your container logs for more details., Details: Finished pulling container image and mounting volumes for srn-bhavya-app. Allocatinng the rest of the container resources to finish container creation., DetailsLevel: INFO
2026-09-14T18:39:29.9935827Z Creating container.
2026-09-14T18:39:29.9940331Z Creating pipes for streaming container io.
2026-09-14T18:39:29.9942340Z Creating stdout named pipe at /podr/container/pipe/6d4d883f8bf0_srn-bhavya-app/stdout_5a3a84834ab14b3ba7c0aecff5263cd3.
2026-09-14T18:39:30.0004081Z Successfully created stdout named pipe at: /podr/container/pipe/6d4d883f8bf0_srn-bhavya-app/stdout_5a3a84834ab14b3ba7c0aecff5263cd3.
2026-09-14T18:39:30.0005160Z Opening named pipe /podr/container/pipe/6d4d883f8bf0_srn-bhavya-app/stdout_5a3a84834ab14b3ba7c0aecff5263cd3 for reading in non-blocking mode.
2026-09-14T18:39:30.0006368Z Successfully opened named pipe: /podr/container/pipe/6d4d883f8bf0_srn-bhavya-app/stdout_5a3a84834ab14b3ba7c0aecff5263cd3.
2026-09-14T18:39:30.0007315Z Successfully removed non-blocking flag from /podr/container/pipe/6d4d883f8bf0_srn-bhavya-app/stdout_5a3a84834ab14b3ba7c0aecff5263cd3.
2026-09-14T18:39:30.0026578Z Creating stderr named pipe at /podr/container/pipe/6d4d883f8bf0_srn-bhavya-app/stderr_b75b5c2cc0024e3cac2f99b4bac571eb.
2026-09-14T18:39:30.0027909Z Successfully created stderr named pipe at: /podr/container/pipe/6d4d883f8bf0_srn-bhavya-app/stderr_b75b5c2cc0024e3cac2f99b4bac571eb.
2026-09-14T18:39:30.0034690Z Opening named pipe /podr/container/pipe/6d4d883f8bf0_srn-bhavya-app/stderr_b75b5c2cc0024e3cac2f99b4bac571eb for reading in non-blocking mode.
2026-09-14T18:39:30.0035748Z Successfully opened named pipe: /podr/container/pipe/6d4d883f8bf0_srn-bhavya-app/stderr_b75b5c2cc0024e3cac2f99b4bac571eb.
2026-09-14T18:39:30.0036587Z Successfully removed non-blocking flag from /podr/container/pipe/6d4d883f8bf0_srn-bhavya-app/stderr_b75b5c2cc0024e3cac2f99b4bac571eb.
2026-09-14T18:39:30.0108820Z Creating container with image: appsvc/python:3.11_20260910.3.tuxprod from registry: 10.1.0.6:13209 and fully qualified image name: 10.1.0.6:13209/appsvc/python:3.11_20260910.3.tuxprod
2026-09-14T18:39:30.9712553Z Starting container: 6d4d883f8bf0_srn-bhavya-app.
2026-09-14T18:39:31.0474524Z Starting watchers and probes.
2026-09-14T18:39:31.0481704Z Starting metrics collection.
2026-09-14T18:39:31.0565273Z Container is running.
2026-09-14T18:39:31.0572331Z State: Starting, Action: CreatingContainer, LastError: ContainerStartupFailure, LastErrorTimestamp: 09/14/2026 18:38:23, LastErrorDetails: Container exited with exit code 3 during startup after 27.6s. Please inspect your container logs for more details., Details: Container srn-bhavya-app successfully created and is running., DetailsLevel: INFO
2026-09-14T18:39:31.1389884Z Container start method finished after 2708 ms.
2026-09-14T18:39:31.1391167Z State: Starting, Action: InitiatingSiteWarmUpProbe, LastError: ContainerStartupFailure, LastErrorTimestamp: 09/14/2026 18:38:23, LastErrorDetails: Container exited with exit code 3 during startup after 27.6s. Please inspect your container logs for more details., Details: Container srn-bhavya-app successfully created and is running., DetailsLevel: INFO
2026-09-14T18:39:31.1391339Z State: Starting, Action: WaitingForSiteWarmUpProbeSuccess, LastError: ContainerStartupFailure, LastErrorTimestamp: 09/14/2026 18:38:23, LastErrorDetails: Container exited with exit code 3 during startup after 27.6s. Please inspect your container logs for more details., Details: Pinging warmup path to ensure container is ready to receive requests., DetailsLevel: INFO
2026-09-14T18:39:56.5027758Z Container has finished running with exit code: 3.
2026-09-14T18:39:56.5221734Z Container is terminating. Grace period: 5 seconds.
2026-09-14T18:39:56.5432719Z Stop and delete container. Retry count = 0
2026-09-14T18:39:56.5433893Z Stopping container: 6d4d883f8bf0_srn-bhavya-app.
2026-09-14T18:39:56.8409610Z Deleting container: 6d4d883f8bf0_srn-bhavya-app. Retry count = 0
2026-09-14T18:39:57.2526130Z Container spec TerminationMessagePolicy  path 
2026-09-14T18:39:57.2613867Z Container is terminated. Total time elapsed: 718 ms.
2026-09-14T18:39:57.2616089Z Site container: srn-bhavya-app terminated during site startup.
2026-09-14T18:39:57.2631696Z State: Stopping, Action: CancellingStartup, LastError: ContainerStartupFailure, LastErrorTimestamp: 09/14/2026 18:38:23, LastErrorDetails: Container exited with exit code 3 during startup after 27.6s. Please inspect your container logs for more details., Details: Site container: srn-bhavya-app terminated during site startup. Cancelling site startup., DetailsLevel: ERR
2026-09-14T18:39:57.3034994Z Site startup probe failed after 26.1638156 seconds.
2026-09-14T18:39:57.5442672Z State: Stopping, Action: CancellingStartup, LastError: ContainerStartupFailure, LastErrorTimestamp: 09/14/2026 18:39:57, LastErrorDetails: Container exited with exit code 3 during startup after 26.2s. Please inspect your container logs for more details., Details: Site container: srn-bhavya-app terminated during site startup. Cancelling site startup., DetailsLevel: ERR
2026-09-14T18:39:57.8295053Z Failed to start site. Revert by stopping site.
2026-09-14T18:39:57.8308267Z State: Stopping, Action: StoppingSite, LastError: ContainerStartupFailure, LastErrorTimestamp: 09/14/2026 18:39:57, LastErrorDetails: Container exited with exit code 3 during startup after 26.2s. Please inspect your container logs for more details., Details: Site container: srn-bhavya-app terminated during site startup. Cancelling site startup., DetailsLevel: ERR
2026-09-14T18:39:57.8310529Z State: Stopping, Action: StoppingSiteContainers, LastError: ContainerStartupFailure, LastErrorTimestamp: 09/14/2026 18:39:57, LastErrorDetails: Container exited with exit code 3 during startup after 26.2s. Please inspect your container logs for more details., Details: Site container: srn-bhavya-app terminated during site startup. Cancelling site startup., DetailsLevel: ERR
2026-09-14T18:39:57.8310763Z Site: srn-bhavya-app stopped.
2026-09-14T18:39:57.8500884Z State: Stopping, Action: UnmountingVolumes, LastError: ContainerStartupFailure, LastErrorTimestamp: 09/14/2026 18:39:57, LastErrorDetails: Container exited with exit code 3 during startup after 26.2s. Please inspect your container logs for more details., Details: Site container: srn-bhavya-app terminated during site startup. Cancelling site startup., DetailsLevel: ERR
2026-09-14T18:39:58.0799171Z State: Stopping, Action: StoppingSiteNetworks, LastError: ContainerStartupFailure, LastErrorTimestamp: 09/14/2026 18:39:57, LastErrorDetails: Container exited with exit code 3 during startup after 26.2s. Please inspect your container logs for more details., Details: Site container: srn-bhavya-app terminated during site startup. Cancelling site startup., DetailsLevel: ERR
2026-09-14T18:39:58.4949627Z Site: srn-bhavya-app will be blocked for 1 minutes till 09/14/2026 18:40:58
2026-09-14T18:39:58.4950598Z State: Blocked, Action: StoppingSiteNetworks, LastError: ContainerStartupFailure, LastErrorTimestamp: 09/14/2026 18:39:57, LastErrorDetails: Container exited with exit code 3 during startup after 26.2s. Please inspect your container logs for more details., Details: Site: srn-bhavya-app will be blocked for 1 minutes till 09/14/2026 18:40:58, DetailsLevel: WARN
2026-09-14T18:39:58.4952934Z State: Stopped, Action: None, LastError: ContainerStartupFailure, LastErrorTimestamp: 09/14/2026 18:39:57, LastErrorDetails: Container exited with exit code 3 during startup after 26.2s. Please inspect your container logs for more details., Details: Site stopped at 09/14/2026 18:39:58 (UTC), DetailsLevel: WARN
2026-09-14T18:39:59.4695099Z State: Stopped, Action: None, LastError: ContainerStartupFailure, LastErrorTimestamp: 09/14/2026 18:39:57, LastErrorDetails: Container exited with exit code 3 during startup after 26.2s. Please inspect your container logs for more details., Details: Site stopped at 09/14/2026 18:39:58 (UTC), DetailsLevel: WARN
2026-09-14T18:40:04.4156340Z State: Blocked, Action: None, LastError: ContainerStartupFailure, LastErrorTimestamp: 09/14/2026 18:39:57, LastErrorDetails: Container exited with exit code 3 during startup after 26.2s. Please inspect your container logs for more details., Details: Site is blocked due to multiple, consecutive cold start failures. Site scheduled to be unblocked at 09/14/2026 18:40:58, DetailsLevel: WARN
2026-09-14T18:40:04.4160763Z Start site prohibitted because the site is being blocked.
2026-09-14T18:40:09.5558023Z State: Blocked, Action: None, LastError: ContainerStartupFailure, LastErrorTimestamp: 09/14/2026 18:39:57, LastErrorDetails: Container exited with exit code 3 during startup after 26.2s. Please inspect your container logs for more details., Details: Site is blocked due to multiple, consecutive cold start failures. Site scheduled to be unblocked at 09/14/2026 18:40:58, DetailsLevel: WARN
2026-09-14T18:40:09.5558736Z Start site prohibitted because the site is being blocked.
2026-09-14T18:40:14.6244497Z State: Blocked, Action: None, LastError: ContainerStartupFailure, LastErrorTimestamp: 09/14/2026 18:39:57, LastErrorDetails: Container exited with exit code 3 during startup after 26.2s. Please inspect your container logs for more details., Details: Site is blocked due to multiple, consecutive cold start failures. Site scheduled to be unblocked at 09/14/2026 18:40:58, DetailsLevel: WARN
2026-09-14T18:40:14.6244730Z Start site prohibitted because the site is being blocked.
2026-09-14T18:40:19.7115293Z State: Blocked, Action: None, LastError: ContainerStartupFailure, LastErrorTimestamp: 09/14/2026 18:39:57, LastErrorDetails: Container exited with exit code 3 during startup after 26.2s. Please inspect your container logs for more details., Details: Site is blocked due to multiple, consecutive cold start failures. Site scheduled to be unblocked at 09/14/2026 18:40:58, DetailsLevel: WARN
2026-09-14T18:40:19.7115936Z Start site prohibitted because the site is being blocked.
2026-09-14T18:40:24.7978201Z State: Blocked, Action: None, LastError: ContainerStartupFailure, LastErrorTimestamp: 09/14/2026 18:39:57, LastErrorDetails: Container exited with exit code 3 during startup after 26.2s. Please inspect your container logs for more details., Details: Site is blocked due to multiple, consecutive cold start failures. Site scheduled to be unblocked at 09/14/2026 18:40:58, DetailsLevel: WARN
2026-09-14T18:40:24.7979061Z Start site prohibitted because the site is being blocked.
2026-09-14T18:40:29.8424429Z State: Blocked, Action: None, LastError: ContainerStartupFailure, LastErrorTimestamp: 09/14/2026 18:39:57, LastErrorDetails: Container exited with exit code 3 during startup after 26.2s. Please inspect your container logs for more details., Details: Site is blocked due to multiple, consecutive cold start failures. Site scheduled to be unblocked at 09/14/2026 18:40:58, DetailsLevel: WARN
2026-09-14T18:40:29.8425130Z Start site prohibitted because the site is being blocked.
2026-09-14T18:40:34.9587155Z State: Blocked, Action: None, LastError: ContainerStartupFailure, LastErrorTimestamp: 09/14/2026 18:39:57, LastErrorDetails: Container exited with exit code 3 during startup after 26.2s. Please inspect your container logs for more details., Details: Site is blocked due to multiple, consecutive cold start failures. Site scheduled to be unblocked at 09/14/2026 18:40:58, DetailsLevel: WARN
2026-09-14T18:40:34.9588430Z Start site prohibitted because the site is being blocked.
2026-09-14T18:40:40.0129744Z State: Blocked, Action: None, LastError: ContainerStartupFailure, LastErrorTimestamp: 09/14/2026 18:39:57, LastErrorDetails: Container exited with exit code 3 during startup after 26.2s. Please inspect your container logs for more details., Details: Site is blocked due to multiple, consecutive cold start failures. Site scheduled to be unblocked at 09/14/2026 18:40:58, DetailsLevel: WARN
2026-09-14T18:40:40.0132409Z Start site prohibitted because the site is being blocked.
2026-09-14T18:40:45.1154795Z State: Blocked, Action: None, LastError: ContainerStartupFailure, LastErrorTimestamp: 09/14/2026 18:39:57, LastErrorDetails: Container exited with exit code 3 during startup after 26.2s. Please inspect your container logs for more details., Details: Site is blocked due to multiple, consecutive cold start failures. Site scheduled to be unblocked at 09/14/2026 18:40:58, DetailsLevel: WARN
2026-09-14T18:40:45.1155422Z Start site prohibitted because the site is being blocked.
2026-09-14T18:40:50.2436114Z State: Blocked, Action: None, LastError: ContainerStartupFailure, LastErrorTimestamp: 09/14/2026 18:39:57, LastErrorDetails: Container exited with exit code 3 during startup after 26.2s. Please inspect your container logs for more details., Details: Site is blocked due to multiple, consecutive cold start failures. Site scheduled to be unblocked at 09/14/2026 18:40:58, DetailsLevel: WARN
2026-09-14T18:40:50.2436349Z Start site prohibitted because the site is being blocked.
2026-09-14T18:40:55.3421825Z State: Blocked, Action: None, LastError: ContainerStartupFailure, LastErrorTimestamp: 09/14/2026 18:39:57, LastErrorDetails: Container exited with exit code 3 during startup after 26.2s. Please inspect your container logs for more details., Details: Site is blocked due to multiple, consecutive cold start failures. Site scheduled to be unblocked at 09/14/2026 18:40:58, DetailsLevel: WARN
2026-09-14T18:40:55.3423144Z Start site prohibitted because the site is being blocked.
2026-09-14T18:40:58.4951997Z Site: srn-bhavya-app is unblocked.
2026-09-14T18:41:00.4071556Z State: Starting, Action: EstablishingSiteNetworks, LastError: ContainerStartupFailure, LastErrorTimestamp: 09/14/2026 18:39:57, LastErrorDetails: Container exited with exit code 3 during startup after 26.2s. Please inspect your container logs for more details., Details: Site is blocked due to multiple, consecutive cold start failures. Site scheduled to be unblocked at 09/14/2026 18:40:58, DetailsLevel: WARN
2026-09-14T18:41:01.8432190Z State: Starting, Action: StartingSiteContainers, LastError: ContainerStartupFailure, LastErrorTimestamp: 09/14/2026 18:39:57, LastErrorDetails: Container exited with exit code 3 during startup after 26.2s. Please inspect your container logs for more details., Details: Site is blocked due to multiple, consecutive cold start failures. Site scheduled to be unblocked at 09/14/2026 18:40:58, DetailsLevel: WARN
2026-09-14T18:41:01.8526923Z Container start method called.
2026-09-14T18:41:01.8529097Z State: Starting, Action: PullingImage, LastError: ContainerStartupFailure, LastErrorTimestamp: 09/14/2026 18:39:57, LastErrorDetails: Container exited with exit code 3 during startup after 26.2s. Please inspect your container logs for more details., Details: Pulling image 10.1.0.6:13209/appsvc/python:3.11_20260910.3.tuxprod for srn-bhavya-app., DetailsLevel: INFO
2026-09-14T18:41:01.8531267Z Establishing network.
2026-09-14T18:41:01.8532293Z Pulling image: appsvc/python:3.11_20260910.3.tuxprod.
2026-09-14T18:41:02.7783256Z Container is starting.
2026-09-14T18:41:02.7785056Z State: Starting, Action: MountingVolumes, LastError: ContainerStartupFailure, LastErrorTimestamp: 09/14/2026 18:39:57, LastErrorDetails: Container exited with exit code 3 during startup after 26.2s. Please inspect your container logs for more details., Details: Mounting volumes for srn-bhavya-app., DetailsLevel: INFO
2026-09-14T18:41:02.7786071Z Establishing user namespace if not established already.
2026-09-14T18:41:02.7787039Z Establishing network if not established already.
2026-09-14T18:41:02.7787916Z Mounting volumes.
2026-09-14T18:41:02.7788824Z Nested mountpoint 
2026-09-14T18:41:02.7990389Z Nested mountpoint volatile/logs
2026-09-14T18:41:02.8212165Z Nested mountpoint 
2026-09-14T18:41:02.8216074Z Nested mountpoint 
2026-09-14T18:41:02.8421981Z Nested mountpoint 
2026-09-14T18:41:02.9189777Z Nested mountpoint 
2026-09-14T18:41:03.4825345Z State: Starting, Action: CreatingContainer, LastError: ContainerStartupFailure, LastErrorTimestamp: 09/14/2026 18:39:57, LastErrorDetails: Container exited with exit code 3 during startup after 26.2s. Please inspect your container logs for more details., Details: Finished pulling container image and mounting volumes for srn-bhavya-app. Allocatinng the rest of the container resources to finish container creation., DetailsLevel: INFO
2026-09-14T18:41:03.4828448Z Creating container.
2026-09-14T18:41:03.4831089Z Creating pipes for streaming container io.
2026-09-14T18:41:03.4835896Z Creating stdout named pipe at /podr/container/pipe/35b3bc5cc0f3_srn-bhavya-app/stdout_07237254b6264c0cb0ab743bde8694e4.
2026-09-14T18:41:03.5225641Z Successfully created stdout named pipe at: /podr/container/pipe/35b3bc5cc0f3_srn-bhavya-app/stdout_07237254b6264c0cb0ab743bde8694e4.
2026-09-14T18:41:03.5233963Z Opening named pipe /podr/container/pipe/35b3bc5cc0f3_srn-bhavya-app/stdout_07237254b6264c0cb0ab743bde8694e4 for reading in non-blocking mode.
2026-09-14T18:41:03.5239562Z Successfully opened named pipe: /podr/container/pipe/35b3bc5cc0f3_srn-bhavya-app/stdout_07237254b6264c0cb0ab743bde8694e4.
2026-09-14T18:41:03.5243575Z Successfully removed non-blocking flag from /podr/container/pipe/35b3bc5cc0f3_srn-bhavya-app/stdout_07237254b6264c0cb0ab743bde8694e4.
2026-09-14T18:41:03.5248960Z Creating stderr named pipe at /podr/container/pipe/35b3bc5cc0f3_srn-bhavya-app/stderr_21fc2c9dd86f4a58900859e86409ac88.
2026-09-14T18:41:03.5253823Z Successfully created stderr named pipe at: /podr/container/pipe/35b3bc5cc0f3_srn-bhavya-app/stderr_21fc2c9dd86f4a58900859e86409ac88.
2026-09-14T18:41:03.5256336Z Opening named pipe /podr/container/pipe/35b3bc5cc0f3_srn-bhavya-app/stderr_21fc2c9dd86f4a58900859e86409ac88 for reading in non-blocking mode.
2026-09-14T18:41:03.5315076Z Successfully opened named pipe: /podr/container/pipe/35b3bc5cc0f3_srn-bhavya-app/stderr_21fc2c9dd86f4a58900859e86409ac88.
2026-09-14T18:41:03.5318993Z Successfully removed non-blocking flag from /podr/container/pipe/35b3bc5cc0f3_srn-bhavya-app/stderr_21fc2c9dd86f4a58900859e86409ac88.
2026-09-14T18:41:03.5326772Z Creating container with image: appsvc/python:3.11_20260910.3.tuxprod from registry: 10.1.0.6:13209 and fully qualified image name: 10.1.0.6:13209/appsvc/python:3.11_20260910.3.tuxprod
2026-09-14T18:41:04.5695846Z Starting container: 35b3bc5cc0f3_srn-bhavya-app.
2026-09-14T18:41:04.6397094Z Starting watchers and probes.
2026-09-14T18:41:04.6496566Z Starting metrics collection.
2026-09-14T18:41:04.6498886Z Container is running.
2026-09-14T18:41:04.6499539Z State: Starting, Action: CreatingContainer, LastError: ContainerStartupFailure, LastErrorTimestamp: 09/14/2026 18:39:57, LastErrorDetails: Container exited with exit code 3 during startup after 26.2s. Please inspect your container logs for more details., Details: Container srn-bhavya-app successfully created and is running., DetailsLevel: INFO
2026-09-14T18:41:04.8799075Z Container start method finished after 2988 ms.
2026-09-14T18:41:04.8800716Z State: Starting, Action: InitiatingSiteWarmUpProbe, LastError: ContainerStartupFailure, LastErrorTimestamp: 09/14/2026 18:39:57, LastErrorDetails: Container exited with exit code 3 during startup after 26.2s. Please inspect your container logs for more details., Details: Container srn-bhavya-app successfully created and is running., DetailsLevel: INFO
2026-09-14T18:41:04.8878431Z State: Starting, Action: WaitingForSiteWarmUpProbeSuccess, LastError: ContainerStartupFailure, LastErrorTimestamp: 09/14/2026 18:39:57, LastErrorDetails: Container exited with exit code 3 during startup after 26.2s. Please inspect your container logs for more details., Details: Pinging warmup path to ensure container is ready to receive requests., DetailsLevel: INFO
2026-09-14T18:41:31.4825923Z Container has finished running with exit code: 3.
2026-09-14T18:41:31.4833372Z Container is terminating. Grace period: 5 seconds.
2026-09-14T18:41:31.4922946Z Stop and delete container. Retry count = 0
2026-09-14T18:41:31.4927629Z Stopping container: 35b3bc5cc0f3_srn-bhavya-app.
2026-09-14T18:41:31.5663602Z Deleting container: 35b3bc5cc0f3_srn-bhavya-app. Retry count = 0
2026-09-14T18:41:31.7883265Z Container spec TerminationMessagePolicy  path 
2026-09-14T18:41:31.7931272Z Container is terminated. Total time elapsed: 307 ms.
2026-09-14T18:41:31.7935127Z Site container: srn-bhavya-app terminated during site startup.
2026-09-14T18:41:31.7959502Z State: Stopping, Action: CancellingStartup, LastError: ContainerStartupFailure, LastErrorTimestamp: 09/14/2026 18:39:57, LastErrorDetails: Container exited with exit code 3 during startup after 26.2s. Please inspect your container logs for more details., Details: Site container: srn-bhavya-app terminated during site startup. Cancelling site startup., DetailsLevel: ERR
2026-09-14T18:41:31.8283454Z Site startup probe failed after 26.939415 seconds.
2026-09-14T18:41:32.0081236Z State: Stopping, Action: CancellingStartup, LastError: ContainerStartupFailure, LastErrorTimestamp: 09/14/2026 18:41:32, LastErrorDetails: Container exited with exit code 3 during startup after 27.2s. Please inspect your container logs for more details., Details: Site container: srn-bhavya-app terminated during site startup. Cancelling site startup., DetailsLevel: ERR
2026-09-14T18:41:32.0268854Z Failed to start site. Revert by stopping site.
2026-09-14T18:41:32.0272747Z State: Stopping, Action: StoppingSite, LastError: ContainerStartupFailure, LastErrorTimestamp: 09/14/2026 18:41:32, LastErrorDetails: Container exited with exit code 3 during startup after 27.2s. Please inspect your container logs for more details., Details: Site container: srn-bhavya-app terminated during site startup. Cancelling site startup., DetailsLevel: ERR
2026-09-14T18:41:32.0275303Z State: Stopping, Action: StoppingSiteContainers, LastError: ContainerStartupFailure, LastErrorTimestamp: 09/14/2026 18:41:32, LastErrorDetails: Container exited with exit code 3 during startup after 27.2s. Please inspect your container logs for more details., Details: Site container: srn-bhavya-app terminated during site startup. Cancelling site startup., DetailsLevel: ERR
2026-09-14T18:41:32.0275533Z Site: srn-bhavya-app stopped.
2026-09-14T18:41:32.0570414Z State: Stopping, Action: UnmountingVolumes, LastError: ContainerStartupFailure, LastErrorTimestamp: 09/14/2026 18:41:32, LastErrorDetails: Container exited with exit code 3 during startup after 27.2s. Please inspect your container logs for more details., Details: Site container: srn-bhavya-app terminated during site startup. Cancelling site startup., DetailsLevel: ERR
2026-09-14T18:41:32.2556959Z State: Stopping, Action: StoppingSiteNetworks, LastError: ContainerStartupFailure, LastErrorTimestamp: 09/14/2026 18:41:32, LastErrorDetails: Container exited with exit code 3 during startup after 27.2s. Please inspect your container logs for more details., Details: Site container: srn-bhavya-app terminated during site startup. Cancelling site startup., DetailsLevel: ERR
2026-09-14T18:41:32.4725005Z Site: srn-bhavya-app will be blocked for 2 minutes till 09/14/2026 18:43:32
2026-09-14T18:41:32.4726438Z State: Blocked, Action: StoppingSiteNetworks, LastError: ContainerStartupFailure, LastErrorTimestamp: 09/14/2026 18:41:32, LastErrorDetails: Container exited with exit code 3 during startup after 27.2s. Please inspect your container logs for more details., Details: Site: srn-bhavya-app will be blocked for 2 minutes till 09/14/2026 18:43:32, DetailsLevel: WARN
2026-09-14T18:41:32.4728187Z State: Stopped, Action: None, LastError: ContainerStartupFailure, LastErrorTimestamp: 09/14/2026 18:41:32, LastErrorDetails: Container exited with exit code 3 during startup after 27.2s. Please inspect your container logs for more details., Details: Site stopped at 09/14/2026 18:41:32 (UTC), DetailsLevel: WARN
2026-09-14T18:41:33.0766612Z State: Stopped, Action: None, LastError: ContainerStartupFailure, LastErrorTimestamp: 09/14/2026 18:41:32, LastErrorDetails: Container exited with exit code 3 during startup after 27.2s. Please inspect your container logs for more details., Details: Site stopped at 09/14/2026 18:41:32 (UTC), DetailsLevel: WARN
2026-09-14T18:41:38.0953665Z State: Blocked, Action: None, LastError: ContainerStartupFailure, LastErrorTimestamp: 09/14/2026 18:41:32, LastErrorDetails: Container exited with exit code 3 during startup after 27.2s. Please inspect your container logs for more details., Details: Site is blocked due to multiple, consecutive cold start failures. Site scheduled to be unblocked at 09/14/2026 18:43:32, DetailsLevel: WARN
2026-09-14T18:41:38.0954026Z Start site prohibitted because the site is being blocked.
2026-09-14T18:41:43.1326242Z State: Blocked, Action: None, LastError: ContainerStartupFailure, LastErrorTimestamp: 09/14/2026 18:41:32, LastErrorDetails: Container exited with exit code 3 during startup after 27.2s. Please inspect your container logs for more details., Details: Site is blocked due to multiple, consecutive cold start failures. Site scheduled to be unblocked at 09/14/2026 18:43:32, DetailsLevel: WARN
2026-09-14T18:41:43.1326495Z Start site prohibitted because the site is being blocked.
2026-09-14T18:41:48.2407729Z State: Blocked, Action: None, LastError: ContainerStartupFailure, LastErrorTimestamp: 09/14/2026 18:41:32, LastErrorDetails: Container exited with exit code 3 during startup after 27.2s. Please inspect your container logs for more details., Details: Site is blocked due to multiple, consecutive cold start failures. Site scheduled to be unblocked at 09/14/2026 18:43:32, DetailsLevel: WARN
2026-09-14T18:41:48.2408073Z Start site prohibitted because the site is being blocked.
2026-09-14T18:41:53.3812099Z State: Blocked, Action: None, LastError: ContainerStartupFailure, LastErrorTimestamp: 09/14/2026 18:41:32, LastErrorDetails: Container exited with exit code 3 during startup after 27.2s. Please inspect your container logs for more details., Details: Site is blocked due to multiple, consecutive cold start failures. Site scheduled to be unblocked at 09/14/2026 18:43:32, DetailsLevel: WARN
2026-09-14T18:41:53.3812404Z Start site prohibitted because the site is being blocked.
2026-09-14T18:41:58.4267488Z State: Blocked, Action: None, LastError: ContainerStartupFailure, LastErrorTimestamp: 09/14/2026 18:41:32, LastErrorDetails: Container exited with exit code 3 during startup after 27.2s. Please inspect your container logs for more details., Details: Site is blocked due to multiple, consecutive cold start failures. Site scheduled to be unblocked at 09/14/2026 18:43:32, DetailsLevel: WARN
2026-09-14T18:41:58.4268676Z Start site prohibitted because the site is being blocked.
2026-09-14T18:42:03.5003378Z State: Blocked, Action: None, LastError: ContainerStartupFailure, LastErrorTimestamp: 09/14/2026 18:41:32, LastErrorDetails: Container exited with exit code 3 during startup after 27.2s. Please inspect your container logs for more details., Details: Site is blocked due to multiple, consecutive cold start failures. Site scheduled to be unblocked at 09/14/2026 18:43:32, DetailsLevel: WARN
2026-09-14T18:42:03.5004365Z Start site prohibitted because the site is being blocked.
2026-09-14T18:42:08.5412621Z State: Blocked, Action: None, LastError: ContainerStartupFailure, LastErrorTimestamp: 09/14/2026 18:41:32, LastErrorDetails: Container exited with exit code 3 during startup after 27.2s. Please inspect your container logs for more details., Details: Site is blocked due to multiple, consecutive cold start failures. Site scheduled to be unblocked at 09/14/2026 18:43:32, DetailsLevel: WARN
2026-09-14T18:42:08.5412906Z Start site prohibitted because the site is being blocked.
2026-09-14T18:42:13.6964348Z State: Blocked, Action: None, LastError: ContainerStartupFailure, LastErrorTimestamp: 09/14/2026 18:41:32, LastErrorDetails: Container exited with exit code 3 during startup after 27.2s. Please inspect your container logs for more details., Details: Site is blocked due to multiple, consecutive cold start failures. Site scheduled to be unblocked at 09/14/2026 18:43:32, DetailsLevel: WARN
2026-09-14T18:42:13.6964662Z Start site prohibitted because the site is being blocked.
2026-09-14T18:42:18.9786247Z State: Blocked, Action: None, LastError: ContainerStartupFailure, LastErrorTimestamp: 09/14/2026 18:41:32, LastErrorDetails: Container exited with exit code 3 during startup after 27.2s. Please inspect your container logs for more details., Details: Site is blocked due to multiple, consecutive cold start failures. Site scheduled to be unblocked at 09/14/2026 18:43:32, DetailsLevel: WARN
2026-09-14T18:42:18.9786955Z Start site prohibitted because the site is being blocked.
2026-09-14T18:42:24.0942250Z State: Blocked, Action: None, LastError: ContainerStartupFailure, LastErrorTimestamp: 09/14/2026 18:41:32, LastErrorDetails: Container exited with exit code 3 during startup after 27.2s. Please inspect your container logs for more details., Details: Site is blocked due to multiple, consecutive cold start failures. Site scheduled to be unblocked at 09/14/2026 18:43:32, DetailsLevel: WARN
2026-09-14T18:42:24.0943120Z Start site prohibitted because the site is being blocked.
2026-09-14T18:42:29.1558847Z State: Blocked, Action: None, LastError: ContainerStartupFailure, LastErrorTimestamp: 09/14/2026 18:41:32, LastErrorDetails: Container exited with exit code 3 during startup after 27.2s. Please inspect your container logs for more details., Details: Site is blocked due to multiple, consecutive cold start failures. Site scheduled to be unblocked at 09/14/2026 18:43:32, DetailsLevel: WARN
2026-09-14T18:42:29.1559532Z Start site prohibitted because the site is being blocked.
2026-09-14T18:42:34.2593882Z State: Blocked, Action: None, LastError: ContainerStartupFailure, LastErrorTimestamp: 09/14/2026 18:41:32, LastErrorDetails: Container exited with exit code 3 during startup after 27.2s. Please inspect your container logs for more details., Details: Site is blocked due to multiple, consecutive cold start failures. Site scheduled to be unblocked at 09/14/2026 18:43:32, DetailsLevel: WARN
2026-09-14T18:42:34.2597292Z Start site prohibitted because the site is being blocked.
2026-09-14T18:42:39.3749130Z State: Blocked, Action: None, LastError: ContainerStartupFailure, LastErrorTimestamp: 09/14/2026 18:41:32, LastErrorDetails: Container exited with exit code 3 during startup after 27.2s. Please inspect your container logs for more details., Details: Site is blocked due to multiple, consecutive cold start failures. Site scheduled to be unblocked at 09/14/2026 18:43:32, DetailsLevel: WARN
2026-09-14T18:42:39.3750718Z Start site prohibitted because the site is being blocked.
2026-09-14T18:42:44.4348629Z State: Blocked, Action: None, LastError: ContainerStartupFailure, LastErrorTimestamp: 09/14/2026 18:41:32, LastErrorDetails: Container exited with exit code 3 during startup after 27.2s. Please inspect your container logs for more details., Details: Site is blocked due to multiple, consecutive cold start failures. Site scheduled to be unblocked at 09/14/2026 18:43:32, DetailsLevel: WARN
2026-09-14T18:42:44.4373961Z Start site prohibitted because the site is being blocked.
2026-09-14T18:42:49.5174945Z State: Blocked, Action: None, LastError: ContainerStartupFailure, LastErrorTimestamp: 09/14/2026 18:41:32, LastErrorDetails: Container exited with exit code 3 during startup after 27.2s. Please inspect your container logs for more details., Details: Site is blocked due to multiple, consecutive cold start failures. Site scheduled to be unblocked at 09/14/2026 18:43:32, DetailsLevel: WARN
2026-09-14T18:42:49.5176346Z Start site prohibitted because the site is being blocked.
2026-09-14T18:42:54.6039075Z State: Blocked, Action: None, LastError: ContainerStartupFailure, LastErrorTimestamp: 09/14/2026 18:41:32, LastErrorDetails: Container exited with exit code 3 during startup after 27.2s. Please inspect your container logs for more details., Details: Site is blocked due to multiple, consecutive cold start failures. Site scheduled to be unblocked at 09/14/2026 18:43:32, DetailsLevel: WARN
2026-09-14T18:42:54.6039974Z Start site prohibitted because the site is being blocked.
2026-09-14T18:42:59.6542511Z State: Blocked, Action: None, LastError: ContainerStartupFailure, LastErrorTimestamp: 09/14/2026 18:41:32, LastErrorDetails: Container exited with exit code 3 during startup after 27.2s. Please inspect your container logs for more details., Details: Site is blocked due to multiple, consecutive cold start failures. Site scheduled to be unblocked at 09/14/2026 18:43:32, DetailsLevel: WARN
2026-09-14T18:42:59.6543803Z Start site prohibitted because the site is being blocked.
2026-09-14T18:43:04.7002990Z State: Blocked, Action: None, LastError: ContainerStartupFailure, LastErrorTimestamp: 09/14/2026 18:41:32, LastErrorDetails: Container exited with exit code 3 during startup after 27.2s. Please inspect your container logs for more details., Details: Site is blocked due to multiple, consecutive cold start failures. Site scheduled to be unblocked at 09/14/2026 18:43:32, DetailsLevel: WARN
2026-09-14T18:43:04.7003328Z Start site prohibitted because the site is being blocked.
2026-09-14T18:43:09.7477376Z State: Blocked, Action: None, LastError: ContainerStartupFailure, LastErrorTimestamp: 09/14/2026 18:41:32, LastErrorDetails: Container exited with exit code 3 during startup after 27.2s. Please inspect your container logs for more details., Details: Site is blocked due to multiple, consecutive cold start failures. Site scheduled to be unblocked at 09/14/2026 18:43:32, DetailsLevel: WARN
2026-09-14T18:43:09.7477715Z Start site prohibitted because the site is being blocked.
2026-09-14T18:43:14.8259994Z State: Blocked, Action: None, LastError: ContainerStartupFailure, LastErrorTimestamp: 09/14/2026 18:41:32, LastErrorDetails: Container exited with exit code 3 during startup after 27.2s. Please inspect your container logs for more details., Details: Site is blocked due to multiple, consecutive cold start failures. Site scheduled to be unblocked at 09/14/2026 18:43:32, DetailsLevel: WARN
2026-09-14T18:43:14.8261264Z Start site prohibitted because the site is being blocked.
2026-09-14T18:43:19.9354393Z State: Blocked, Action: None, LastError: ContainerStartupFailure, LastErrorTimestamp: 09/14/2026 18:41:32, LastErrorDetails: Container exited with exit code 3 during startup after 27.2s. Please inspect your container logs for more details., Details: Site is blocked due to multiple, consecutive cold start failures. Site scheduled to be unblocked at 09/14/2026 18:43:32, DetailsLevel: WARN
2026-09-14T18:43:19.9355544Z Start site prohibitted because the site is being blocked.
2026-09-14T18:43:25.0153616Z State: Blocked, Action: None, LastError: ContainerStartupFailure, LastErrorTimestamp: 09/14/2026 18:41:32, LastErrorDetails: Container exited with exit code 3 during startup after 27.2s. Please inspect your container logs for more details., Details: Site is blocked due to multiple, consecutive cold start failures. Site scheduled to be unblocked at 09/14/2026 18:43:32, DetailsLevel: WARN
2026-09-14T18:43:25.0160149Z Start site prohibitted because the site is being blocked.
2026-09-14T18:43:30.2409876Z State: Blocked, Action: None, LastError: ContainerStartupFailure, LastErrorTimestamp: 09/14/2026 18:41:32, LastErrorDetails: Container exited with exit code 3 during startup after 27.2s. Please inspect your container logs for more details., Details: Site is blocked due to multiple, consecutive cold start failures. Site scheduled to be unblocked at 09/14/2026 18:43:32, DetailsLevel: WARN
2026-09-14T18:43:30.2410148Z Start site prohibitted because the site is being blocked.
2026-09-14T18:43:32.4714044Z Site: srn-bhavya-app is unblocked.
2026-09-14T18:43:35.2956368Z State: Starting, Action: EstablishingSiteNetworks, LastError: ContainerStartupFailure, LastErrorTimestamp: 09/14/2026 18:41:32, LastErrorDetails: Container exited with exit code 3 during startup after 27.2s. Please inspect your container logs for more details., Details: Site is blocked due to multiple, consecutive cold start failures. Site scheduled to be unblocked at 09/14/2026 18:43:32, DetailsLevel: WARN
2026-09-14T18:43:37.2091968Z State: Starting, Action: StartingSiteContainers, LastError: ContainerStartupFailure, LastErrorTimestamp: 09/14/2026 18:41:32, LastErrorDetails: Container exited with exit code 3 during startup after 27.2s. Please inspect your container logs for more details., Details: Site is blocked due to multiple, consecutive cold start failures. Site scheduled to be unblocked at 09/14/2026 18:43:32, DetailsLevel: WARN
2026-09-14T18:43:37.2293118Z Container start method called.
2026-09-14T18:43:37.2295140Z State: Starting, Action: PullingImage, LastError: ContainerStartupFailure, LastErrorTimestamp: 09/14/2026 18:41:32, LastErrorDetails: Container exited with exit code 3 during startup after 27.2s. Please inspect your container logs for more details., Details: Pulling image 10.1.0.6:13209/appsvc/python:3.11_20260910.3.tuxprod for srn-bhavya-app., DetailsLevel: INFO
2026-09-14T18:43:37.2297654Z Establishing network.
2026-09-14T18:43:37.2299586Z Pulling image: appsvc/python:3.11_20260910.3.tuxprod.
2026-09-14T18:43:38.9243066Z Container is starting.
2026-09-14T18:43:38.9244278Z State: Starting, Action: MountingVolumes, LastError: ContainerStartupFailure, LastErrorTimestamp: 09/14/2026 18:41:32, LastErrorDetails: Container exited with exit code 3 during startup after 27.2s. Please inspect your container logs for more details., Details: Mounting volumes for srn-bhavya-app., DetailsLevel: INFO
2026-09-14T18:43:38.9807059Z Establishing user namespace if not established already.
2026-09-14T18:43:38.9807953Z Establishing network if not established already.
2026-09-14T18:43:38.9808648Z Mounting volumes.
2026-09-14T18:43:38.9828152Z Nested mountpoint 
2026-09-14T18:43:39.0319649Z Nested mountpoint volatile/logs
2026-09-14T18:43:39.0846115Z Nested mountpoint 
2026-09-14T18:43:39.0909417Z Nested mountpoint 
2026-09-14T18:43:39.1120746Z Nested mountpoint 
2026-09-14T18:43:39.1911498Z Nested mountpoint 
2026-09-14T18:43:40.2126584Z State: Starting, Action: CreatingContainer, LastError: ContainerStartupFailure, LastErrorTimestamp: 09/14/2026 18:41:32, LastErrorDetails: Container exited with exit code 3 during startup after 27.2s. Please inspect your container logs for more details., Details: Finished pulling container image and mounting volumes for srn-bhavya-app. Allocatinng the rest of the container resources to finish container creation., DetailsLevel: INFO
2026-09-14T18:43:40.2127245Z Creating container.
2026-09-14T18:43:40.2127653Z Creating pipes for streaming container io.
2026-09-14T18:43:40.2128091Z Creating stdout named pipe at /podr/container/pipe/ef4b7b15f80b_srn-bhavya-app/stdout_93337b3d1cf14da6af01176d05814a38.
2026-09-14T18:43:40.2150699Z Successfully created stdout named pipe at: /podr/container/pipe/ef4b7b15f80b_srn-bhavya-app/stdout_93337b3d1cf14da6af01176d05814a38.
2026-09-14T18:43:40.2252426Z Opening named pipe /podr/container/pipe/ef4b7b15f80b_srn-bhavya-app/stdout_93337b3d1cf14da6af01176d05814a38 for reading in non-blocking mode.
2026-09-14T18:43:40.2255637Z Successfully opened named pipe: /podr/container/pipe/ef4b7b15f80b_srn-bhavya-app/stdout_93337b3d1cf14da6af01176d05814a38.
2026-09-14T18:43:40.2256155Z Successfully removed non-blocking flag from /podr/container/pipe/ef4b7b15f80b_srn-bhavya-app/stdout_93337b3d1cf14da6af01176d05814a38.
2026-09-14T18:43:40.2320218Z Creating stderr named pipe at /podr/container/pipe/ef4b7b15f80b_srn-bhavya-app/stderr_13f334c739bf4020859737e0b6b8e2b4.
2026-09-14T18:43:40.2321349Z Successfully created stderr named pipe at: /podr/container/pipe/ef4b7b15f80b_srn-bhavya-app/stderr_13f334c739bf4020859737e0b6b8e2b4.
2026-09-14T18:43:40.2321692Z Opening named pipe /podr/container/pipe/ef4b7b15f80b_srn-bhavya-app/stderr_13f334c739bf4020859737e0b6b8e2b4 for reading in non-blocking mode.
2026-09-14T18:43:40.2322242Z Successfully opened named pipe: /podr/container/pipe/ef4b7b15f80b_srn-bhavya-app/stderr_13f334c739bf4020859737e0b6b8e2b4.
2026-09-14T18:43:40.2322565Z Successfully removed non-blocking flag from /podr/container/pipe/ef4b7b15f80b_srn-bhavya-app/stderr_13f334c739bf4020859737e0b6b8e2b4.
2026-09-14T18:43:40.2325924Z Creating container with image: appsvc/python:3.11_20260910.3.tuxprod from registry: 10.1.0.6:13209 and fully qualified image name: 10.1.0.6:13209/appsvc/python:3.11_20260910.3.tuxprod
2026-09-14T18:43:41.5344553Z Starting container: ef4b7b15f80b_srn-bhavya-app.
2026-09-14T18:43:41.6006385Z Starting watchers and probes.
2026-09-14T18:43:41.6092706Z Starting metrics collection.
2026-09-14T18:43:41.6097765Z Container is running.
2026-09-14T18:43:41.6104460Z State: Starting, Action: CreatingContainer, LastError: ContainerStartupFailure, LastErrorTimestamp: 09/14/2026 18:41:32, LastErrorDetails: Container exited with exit code 3 during startup after 27.2s. Please inspect your container logs for more details., Details: Container srn-bhavya-app successfully created and is running., DetailsLevel: INFO
2026-09-14T18:43:41.7780929Z Container start method finished after 4548 ms.
2026-09-14T18:43:41.7791169Z State: Starting, Action: InitiatingSiteWarmUpProbe, LastError: ContainerStartupFailure, LastErrorTimestamp: 09/14/2026 18:41:32, LastErrorDetails: Container exited with exit code 3 during startup after 27.2s. Please inspect your container logs for more details., Details: Container srn-bhavya-app successfully created and is running., DetailsLevel: INFO
2026-09-14T18:43:41.7791952Z State: Starting, Action: WaitingForSiteWarmUpProbeSuccess, LastError: ContainerStartupFailure, LastErrorTimestamp: 09/14/2026 18:41:32, LastErrorDetails: Container exited with exit code 3 during startup after 27.2s. Please inspect your container logs for more details., Details: Pinging warmup path to ensure container is ready to receive requests., DetailsLevel: INFO
2026-09-14T18:44:07.6252652Z Container has finished running with exit code: 3.
2026-09-14T18:44:07.6256277Z Container is terminating. Grace period: 5 seconds.
2026-09-14T18:44:07.6324125Z Stop and delete container. Retry count = 0
2026-09-14T18:44:07.6325715Z Stopping container: ef4b7b15f80b_srn-bhavya-app.
2026-09-14T18:44:07.7508897Z Deleting container: ef4b7b15f80b_srn-bhavya-app. Retry count = 0
2026-09-14T18:44:08.1522532Z Container spec TerminationMessagePolicy  path 
2026-09-14T18:44:08.1551468Z Container is terminated. Total time elapsed: 528 ms.
2026-09-14T18:44:08.1613835Z Site container: srn-bhavya-app terminated during site startup.
2026-09-14T18:44:08.1651600Z State: Stopping, Action: CancellingStartup, LastError: ContainerStartupFailure, LastErrorTimestamp: 09/14/2026 18:41:32, LastErrorDetails: Container exited with exit code 3 during startup after 27.2s. Please inspect your container logs for more details., Details: Site container: srn-bhavya-app terminated during site startup. Cancelling site startup., DetailsLevel: ERR
2026-09-14T18:44:08.2046314Z Site startup probe failed after 26.4245508 seconds.
2026-09-14T18:44:08.3542661Z State: Stopping, Action: CancellingStartup, LastError: ContainerStartupFailure, LastErrorTimestamp: 09/14/2026 18:44:08, LastErrorDetails: Container exited with exit code 3 during startup after 26.6s. Please inspect your container logs for more details., Details: Site container: srn-bhavya-app terminated during site startup. Cancelling site startup., DetailsLevel: ERR
2026-09-14T18:44:08.3652836Z Failed to start site. Revert by stopping site.
2026-09-14T18:44:08.3821198Z State: Stopping, Action: StoppingSite, LastError: ContainerStartupFailure, LastErrorTimestamp: 09/14/2026 18:44:08, LastErrorDetails: Container exited with exit code 3 during startup after 26.6s. Please inspect your container logs for more details., Details: Site container: srn-bhavya-app terminated during site startup. Cancelling site startup., DetailsLevel: ERR
2026-09-14T18:44:08.3827365Z State: Stopping, Action: StoppingSiteContainers, LastError: ContainerStartupFailure, LastErrorTimestamp: 09/14/2026 18:44:08, LastErrorDetails: Container exited with exit code 3 during startup after 26.6s. Please inspect your container logs for more details., Details: Site container: srn-bhavya-app terminated during site startup. Cancelling site startup., DetailsLevel: ERR
2026-09-14T18:44:08.3827580Z Site: srn-bhavya-app stopped.
2026-09-14T18:44:08.4033317Z State: Stopping, Action: UnmountingVolumes, LastError: ContainerStartupFailure, LastErrorTimestamp: 09/14/2026 18:44:08, LastErrorDetails: Container exited with exit code 3 during startup after 26.6s. Please inspect your container logs for more details., Details: Site container: srn-bhavya-app terminated during site startup. Cancelling site startup., DetailsLevel: ERR
2026-09-14T18:44:08.6557846Z State: Stopping, Action: StoppingSiteNetworks, LastError: ContainerStartupFailure, LastErrorTimestamp: 09/14/2026 18:44:08, LastErrorDetails: Container exited with exit code 3 during startup after 26.6s. Please inspect your container logs for more details., Details: Site container: srn-bhavya-app terminated during site startup. Cancelling site startup., DetailsLevel: ERR
2026-09-14T18:44:08.9115042Z Site: srn-bhavya-app will be blocked for 2 minutes till 09/14/2026 18:46:08
2026-09-14T18:44:08.9173733Z State: Blocked, Action: StoppingSiteNetworks, LastError: ContainerStartupFailure, LastErrorTimestamp: 09/14/2026 18:44:08, LastErrorDetails: Container exited with exit code 3 during startup after 26.6s. Please inspect your container logs for more details., Details: Site: srn-bhavya-app will be blocked for 2 minutes till 09/14/2026 18:46:08, DetailsLevel: WARN
2026-09-14T18:44:08.9180138Z State: Stopped, Action: None, LastError: ContainerStartupFailure, LastErrorTimestamp: 09/14/2026 18:44:08, LastErrorDetails: Container exited with exit code 3 during startup after 26.6s. Please inspect your container logs for more details., Details: Site stopped at 09/14/2026 18:44:08 (UTC), DetailsLevel: WARN
2026-09-14T18:44:09.3875295Z State: Stopped, Action: None, LastError: ContainerStartupFailure, LastErrorTimestamp: 09/14/2026 18:44:08, LastErrorDetails: Container exited with exit code 3 during startup after 26.6s. Please inspect your container logs for more details., Details: Site stopped at 09/14/2026 18:44:08 (UTC), DetailsLevel: WARN
2026-09-14T18:44:14.6383245Z State: Blocked, Action: None, LastError: ContainerStartupFailure, LastErrorTimestamp: 09/14/2026 18:44:08, LastErrorDetails: Container exited with exit code 3 during startup after 26.6s. Please inspect your container logs for more details., Details: Site is blocked due to multiple, consecutive cold start failures. Site scheduled to be unblocked at 09/14/2026 18:46:08, DetailsLevel: WARN
2026-09-14T18:44:14.6393813Z Start site prohibitted because the site is being blocked.
2026-09-14T18:44:19.7570322Z State: Blocked, Action: None, LastError: ContainerStartupFailure, LastErrorTimestamp: 09/14/2026 18:44:08, LastErrorDetails: Container exited with exit code 3 during startup after 26.6s. Please inspect your container logs for more details., Details: Site is blocked due to multiple, consecutive cold start failures. Site scheduled to be unblocked at 09/14/2026 18:46:08, DetailsLevel: WARN
2026-09-14T18:44:19.7571138Z Start site prohibitted because the site is being blocked.
2026-09-14T18:44:24.8303066Z State: Blocked, Action: None, LastError: ContainerStartupFailure, LastErrorTimestamp: 09/14/2026 18:44:08, LastErrorDetails: Container exited with exit code 3 during startup after 26.6s. Please inspect your container logs for more details., Details: Site is blocked due to multiple, consecutive cold start failures. Site scheduled to be unblocked at 09/14/2026 18:46:08, DetailsLevel: WARN
2026-09-14T18:44:24.8303337Z Start site prohibitted because the site is being blocked.
2026-09-14T18:44:29.9029146Z State: Blocked, Action: None, LastError: ContainerStartupFailure, LastErrorTimestamp: 09/14/2026 18:44:08, LastErrorDetails: Container exited with exit code 3 during startup after 26.6s. Please inspect your container logs for more details., Details: Site is blocked due to multiple, consecutive cold start failures. Site scheduled to be unblocked at 09/14/2026 18:46:08, DetailsLevel: WARN
2026-09-14T18:44:29.9030423Z Start site prohibitted because the site is being blocked.
2026-09-14T18:44:34.9643142Z State: Blocked, Action: None, LastError: ContainerStartupFailure, LastErrorTimestamp: 09/14/2026 18:44:08, LastErrorDetails: Container exited with exit code 3 during startup after 26.6s. Please inspect your container logs for more details., Details: Site is blocked due to multiple, consecutive cold start failures. Site scheduled to be unblocked at 09/14/2026 18:46:08, DetailsLevel: WARN
2026-09-14T18:44:34.9644740Z Start site prohibitted because the site is being blocked.
2026-09-14T18:44:40.0623932Z State: Blocked, Action: None, LastError: ContainerStartupFailure, LastErrorTimestamp: 09/14/2026 18:44:08, LastErrorDetails: Container exited with exit code 3 during startup after 26.6s. Please inspect your container logs for more details., Details: Site is blocked due to multiple, consecutive cold start failures. Site scheduled to be unblocked at 09/14/2026 18:46:08, DetailsLevel: WARN
2026-09-14T18:44:40.0626405Z Start site prohibitted because the site is being blocked.
2026-09-14T18:44:45.1086821Z State: Blocked, Action: None, LastError: ContainerStartupFailure, LastErrorTimestamp: 09/14/2026 18:44:08, LastErrorDetails: Container exited with exit code 3 during startup after 26.6s. Please inspect your container logs for more details., Details: Site is blocked due to multiple, consecutive cold start failures. Site scheduled to be unblocked at 09/14/2026 18:46:08, DetailsLevel: WARN
2026-09-14T18:44:45.1087093Z Start site prohibitted because the site is being blocked.
2026-09-14T18:44:50.1863356Z State: Blocked, Action: None, LastError: ContainerStartupFailure, LastErrorTimestamp: 09/14/2026 18:44:08, LastErrorDetails: Container exited with exit code 3 during startup after 26.6s. Please inspect your container logs for more details., Details: Site is blocked due to multiple, consecutive cold start failures. Site scheduled to be unblocked at 09/14/2026 18:46:08, DetailsLevel: WARN
2026-09-14T18:44:50.1863640Z Start site prohibitted because the site is being blocked.
2026-09-14T18:44:55.2434728Z State: Blocked, Action: None, LastError: ContainerStartupFailure, LastErrorTimestamp: 09/14/2026 18:44:08, LastErrorDetails: Container exited with exit code 3 during startup after 26.6s. Please inspect your container logs for more details., Details: Site is blocked due to multiple, consecutive cold start failures. Site scheduled to be unblocked at 09/14/2026 18:46:08, DetailsLevel: WARN
2026-09-14T18:44:55.2464248Z Start site prohibitted because the site is being blocked.
2026-09-14T18:45:00.3470379Z State: Blocked, Action: None, LastError: ContainerStartupFailure, LastErrorTimestamp: 09/14/2026 18:44:08, LastErrorDetails: Container exited with exit code 3 during startup after 26.6s. Please inspect your container logs for more details., Details: Site is blocked due to multiple, consecutive cold start failures. Site scheduled to be unblocked at 09/14/2026 18:46:08, DetailsLevel: WARN
2026-09-14T18:45:00.3470623Z Start site prohibitted because the site is being blocked.
2026-09-14T18:45:05.4459842Z State: Blocked, Action: None, LastError: ContainerStartupFailure, LastErrorTimestamp: 09/14/2026 18:44:08, LastErrorDetails: Container exited with exit code 3 during startup after 26.6s. Please inspect your container logs for more details., Details: Site is blocked due to multiple, consecutive cold start failures. Site scheduled to be unblocked at 09/14/2026 18:46:08, DetailsLevel: WARN
2026-09-14T18:45:05.4460617Z Start site prohibitted because the site is being blocked.
2026-09-14T18:45:10.5231707Z State: Blocked, Action: None, LastError: ContainerStartupFailure, LastErrorTimestamp: 09/14/2026 18:44:08, LastErrorDetails: Container exited with exit code 3 during startup after 26.6s. Please inspect your container logs for more details., Details: Site is blocked due to multiple, consecutive cold start failures. Site scheduled to be unblocked at 09/14/2026 18:46:08, DetailsLevel: WARN
2026-09-14T18:45:10.5232360Z Start site prohibitted because the site is being blocked.
2026-09-14T18:45:15.6125216Z State: Blocked, Action: None, LastError: ContainerStartupFailure, LastErrorTimestamp: 09/14/2026 18:44:08, LastErrorDetails: Container exited with exit code 3 during startup after 26.6s. Please inspect your container logs for more details., Details: Site is blocked due to multiple, consecutive cold start failures. Site scheduled to be unblocked at 09/14/2026 18:46:08, DetailsLevel: WARN
2026-09-14T18:45:15.6127042Z Start site prohibitted because the site is being blocked.
2026-09-14T18:45:20.4959518Z State: Blocked, Action: None, LastError: ContainerStartupFailure, LastErrorTimestamp: 09/14/2026 18:44:08, LastErrorDetails: Container exited with exit code 3 during startup after 26.6s. Please inspect your container logs for more details., Details: Site is blocked due to multiple, consecutive cold start failures. Site scheduled to be unblocked at 09/14/2026 18:46:08, DetailsLevel: WARN
2026-09-14T18:45:20.4960209Z Start site prohibitted because the site is being blocked.
2026-09-14T18:45:20.6809117Z State: Blocked, Action: None, LastError: ContainerStartupFailure, LastErrorTimestamp: 09/14/2026 18:44:08, LastErrorDetails: Container exited with exit code 3 during startup after 26.6s. Please inspect your container logs for more details., Details: Site is blocked due to multiple, consecutive cold start failures. Site scheduled to be unblocked at 09/14/2026 18:46:08, DetailsLevel: WARN
2026-09-14T18:45:20.6810479Z Start site prohibitted because the site is being blocked.
2026-09-14T18:45:25.7684064Z State: Blocked, Action: None, LastError: ContainerStartupFailure, LastErrorTimestamp: 09/14/2026 18:44:08, LastErrorDetails: Container exited with exit code 3 during startup after 26.6s. Please inspect your container logs for more details., Details: Site is blocked due to multiple, consecutive cold start failures. Site scheduled to be unblocked at 09/14/2026 18:46:08, DetailsLevel: WARN
2026-09-14T18:45:25.7684919Z Start site prohibitted because the site is being blocked.
2026-09-14T18:45:56.9656045Z State: Blocked, Action: None, LastError: ContainerStartupFailure, LastErrorTimestamp: 09/14/2026 18:44:08, LastErrorDetails: Container exited with exit code 3 during startup after 26.6s. Please inspect your container logs for more details., Details: Site is blocked due to multiple, consecutive cold start failures. Site scheduled to be unblocked at 09/14/2026 18:46:08, DetailsLevel: WARN
2026-09-14T18:45:56.9875812Z Start site prohibitted because the site is being blocked.
2026-09-14T18:46:02.1144110Z State: Blocked, Action: None, LastError: ContainerStartupFailure, LastErrorTimestamp: 09/14/2026 18:44:08, LastErrorDetails: Container exited with exit code 3 during startup after 26.6s. Please inspect your container logs for more details., Details: Site is blocked due to multiple, consecutive cold start failures. Site scheduled to be unblocked at 09/14/2026 18:46:08, DetailsLevel: WARN
2026-09-14T18:46:02.1144483Z Start site prohibitted because the site is being blocked.
2026-09-14T18:46:07.2068771Z State: Blocked, Action: None, LastError: ContainerStartupFailure, LastErrorTimestamp: 09/14/2026 18:44:08, LastErrorDetails: Container exited with exit code 3 during startup after 26.6s. Please inspect your container logs for more details., Details: Site is blocked due to multiple, consecutive cold start failures. Site scheduled to be unblocked at 09/14/2026 18:46:08, DetailsLevel: WARN
2026-09-14T18:46:07.2069486Z Start site prohibitted because the site is being blocked.
2026-09-14T18:46:08.9108203Z Site: srn-bhavya-app is unblocked.
2026-09-14T18:46:12.2671555Z State: Starting, Action: EstablishingSiteNetworks, LastError: ContainerStartupFailure, LastErrorTimestamp: 09/14/2026 18:44:08, LastErrorDetails: Container exited with exit code 3 during startup after 26.6s. Please inspect your container logs for more details., Details: Site is blocked due to multiple, consecutive cold start failures. Site scheduled to be unblocked at 09/14/2026 18:46:08, DetailsLevel: WARN
2026-09-14T18:46:13.6906871Z State: Starting, Action: StartingSiteContainers, LastError: ContainerStartupFailure, LastErrorTimestamp: 09/14/2026 18:44:08, LastErrorDetails: Container exited with exit code 3 during startup after 26.6s. Please inspect your container logs for more details., Details: Site is blocked due to multiple, consecutive cold start failures. Site scheduled to be unblocked at 09/14/2026 18:46:08, DetailsLevel: WARN
2026-09-14T18:46:13.6907992Z Container start method called.
2026-09-14T18:46:13.6910228Z State: Starting, Action: PullingImage, LastError: ContainerStartupFailure, LastErrorTimestamp: 09/14/2026 18:44:08, LastErrorDetails: Container exited with exit code 3 during startup after 26.6s. Please inspect your container logs for more details., Details: Pulling image 10.1.0.6:13209/appsvc/python:3.11_20260910.3.tuxprod for srn-bhavya-app., DetailsLevel: INFO
2026-09-14T18:46:13.6910845Z Establishing network.
2026-09-14T18:46:13.6911572Z Pulling image: appsvc/python:3.11_20260910.3.tuxprod.
2026-09-14T18:46:15.3015024Z Container is starting.
2026-09-14T18:46:15.3016348Z State: Starting, Action: MountingVolumes, LastError: ContainerStartupFailure, LastErrorTimestamp: 09/14/2026 18:44:08, LastErrorDetails: Container exited with exit code 3 during startup after 26.6s. Please inspect your container logs for more details., Details: Mounting volumes for srn-bhavya-app., DetailsLevel: INFO
2026-09-14T18:46:15.3017626Z Establishing user namespace if not established already.
2026-09-14T18:46:15.3018615Z Establishing network if not established already.
2026-09-14T18:46:15.3019516Z Mounting volumes.
2026-09-14T18:46:15.3020675Z Nested mountpoint 
2026-09-14T18:46:15.3103878Z Nested mountpoint volatile/logs
2026-09-14T18:46:15.3314383Z Nested mountpoint 
2026-09-14T18:46:15.3318547Z Nested mountpoint 
2026-09-14T18:46:15.3517457Z Nested mountpoint 
2026-09-14T18:46:15.3735295Z Nested mountpoint 
2026-09-14T18:46:16.0641901Z State: Starting, Action: CreatingContainer, LastError: ContainerStartupFailure, LastErrorTimestamp: 09/14/2026 18:44:08, LastErrorDetails: Container exited with exit code 3 during startup after 26.6s. Please inspect your container logs for more details., Details: Finished pulling container image and mounting volumes for srn-bhavya-app. Allocatinng the rest of the container resources to finish container creation., DetailsLevel: INFO
2026-09-14T18:46:16.0650653Z Creating container.
2026-09-14T18:46:16.0653099Z Creating pipes for streaming container io.
2026-09-14T18:46:16.0658025Z Creating stdout named pipe at /podr/container/pipe/38d20ccfc236_srn-bhavya-app/stdout_c0b8db2308a045e883f0c39031ddd47d.
2026-09-14T18:46:16.0731573Z Successfully created stdout named pipe at: /podr/container/pipe/38d20ccfc236_srn-bhavya-app/stdout_c0b8db2308a045e883f0c39031ddd47d.
2026-09-14T18:46:16.0734371Z Opening named pipe /podr/container/pipe/38d20ccfc236_srn-bhavya-app/stdout_c0b8db2308a045e883f0c39031ddd47d for reading in non-blocking mode.
2026-09-14T18:46:16.0736759Z Successfully opened named pipe: /podr/container/pipe/38d20ccfc236_srn-bhavya-app/stdout_c0b8db2308a045e883f0c39031ddd47d.
2026-09-14T18:46:16.0739319Z Successfully removed non-blocking flag from /podr/container/pipe/38d20ccfc236_srn-bhavya-app/stdout_c0b8db2308a045e883f0c39031ddd47d.
2026-09-14T18:46:16.0742610Z Creating stderr named pipe at /podr/container/pipe/38d20ccfc236_srn-bhavya-app/stderr_1291b6da87c14b82aefe7ba75156e181.
2026-09-14T18:46:16.0744624Z Successfully created stderr named pipe at: /podr/container/pipe/38d20ccfc236_srn-bhavya-app/stderr_1291b6da87c14b82aefe7ba75156e181.
2026-09-14T18:46:16.0745855Z Opening named pipe /podr/container/pipe/38d20ccfc236_srn-bhavya-app/stderr_1291b6da87c14b82aefe7ba75156e181 for reading in non-blocking mode.
2026-09-14T18:46:16.0748080Z Successfully opened named pipe: /podr/container/pipe/38d20ccfc236_srn-bhavya-app/stderr_1291b6da87c14b82aefe7ba75156e181.
2026-09-14T18:46:16.0748991Z Successfully removed non-blocking flag from /podr/container/pipe/38d20ccfc236_srn-bhavya-app/stderr_1291b6da87c14b82aefe7ba75156e181.
2026-09-14T18:46:16.0751894Z Creating container with image: appsvc/python:3.11_20260910.3.tuxprod from registry: 10.1.0.6:13209 and fully qualified image name: 10.1.0.6:13209/appsvc/python:3.11_20260910.3.tuxprod
2026-09-14T18:46:16.5545012Z Starting container: 38d20ccfc236_srn-bhavya-app.
2026-09-14T18:46:16.6286322Z Starting watchers and probes.
2026-09-14T18:46:16.6492880Z Starting metrics collection.
2026-09-14T18:46:16.6593860Z Container is running.
2026-09-14T18:46:16.6597516Z State: Starting, Action: CreatingContainer, LastError: ContainerStartupFailure, LastErrorTimestamp: 09/14/2026 18:44:08, LastErrorDetails: Container exited with exit code 3 during startup after 26.6s. Please inspect your container logs for more details., Details: Container srn-bhavya-app successfully created and is running., DetailsLevel: INFO
2026-09-14T18:46:16.8711096Z Container start method finished after 3180 ms.
2026-09-14T18:46:16.8993007Z State: Starting, Action: InitiatingSiteWarmUpProbe, LastError: ContainerStartupFailure, LastErrorTimestamp: 09/14/2026 18:44:08, LastErrorDetails: Container exited with exit code 3 during startup after 26.6s. Please inspect your container logs for more details., Details: Container srn-bhavya-app successfully created and is running., DetailsLevel: INFO
2026-09-14T18:46:16.9007519Z State: Starting, Action: WaitingForSiteWarmUpProbeSuccess, LastError: ContainerStartupFailure, LastErrorTimestamp: 09/14/2026 18:44:08, LastErrorDetails: Container exited with exit code 3 during startup after 26.6s. Please inspect your container logs for more details., Details: Pinging warmup path to ensure container is ready to receive requests., DetailsLevel: INFO
2026-09-14T18:46:41.9804136Z Container has finished running with exit code: 3.
2026-09-14T18:46:41.9804996Z Container is terminating. Grace period: 5 seconds.
2026-09-14T18:46:41.9807305Z Stop and delete container. Retry count = 0
2026-09-14T18:46:41.9807671Z Stopping container: 38d20ccfc236_srn-bhavya-app.
2026-09-14T18:46:42.1708588Z Deleting container: 38d20ccfc236_srn-bhavya-app. Retry count = 0
2026-09-14T18:46:42.5335223Z Container spec TerminationMessagePolicy  path 
2026-09-14T18:46:42.5384254Z Container is terminated. Total time elapsed: 553 ms.
2026-09-14T18:46:42.5386999Z Site container: srn-bhavya-app terminated during site startup.
2026-09-14T18:46:42.5394126Z State: Stopping, Action: CancellingStartup, LastError: ContainerStartupFailure, LastErrorTimestamp: 09/14/2026 18:44:08, LastErrorDetails: Container exited with exit code 3 during startup after 26.6s. Please inspect your container logs for more details., Details: Site container: srn-bhavya-app terminated during site startup. Cancelling site startup., DetailsLevel: ERR
2026-09-14T18:46:42.5404167Z Site startup probe failed after 25.6393021 seconds.
2026-09-14T18:46:42.6723510Z State: Stopping, Action: CancellingStartup, LastError: ContainerStartupFailure, LastErrorTimestamp: 09/14/2026 18:46:42, LastErrorDetails: Container exited with exit code 3 during startup after 25.9s. Please inspect your container logs for more details., Details: Site container: srn-bhavya-app terminated during site startup. Cancelling site startup., DetailsLevel: ERR
2026-09-14T18:46:42.7107599Z Failed to start site. Revert by stopping site.
2026-09-14T18:46:42.7112028Z State: Stopping, Action: StoppingSite, LastError: ContainerStartupFailure, LastErrorTimestamp: 09/14/2026 18:46:42, LastErrorDetails: Container exited with exit code 3 during startup after 25.9s. Please inspect your container logs for more details., Details: Site container: srn-bhavya-app terminated during site startup. Cancelling site startup., DetailsLevel: ERR
2026-09-14T18:46:42.7495655Z State: Stopping, Action: StoppingSiteContainers, LastError: ContainerStartupFailure, LastErrorTimestamp: 09/14/2026 18:46:42, LastErrorDetails: Container exited with exit code 3 during startup after 25.9s. Please inspect your container logs for more details., Details: Site container: srn-bhavya-app terminated during site startup. Cancelling site startup., DetailsLevel: ERR
2026-09-14T18:46:42.7496033Z Site: srn-bhavya-app stopped.
2026-09-14T18:46:42.7803783Z State: Stopping, Action: UnmountingVolumes, LastError: ContainerStartupFailure, LastErrorTimestamp: 09/14/2026 18:46:42, LastErrorDetails: Container exited with exit code 3 during startup after 25.9s. Please inspect your container logs for more details., Details: Site container: srn-bhavya-app terminated during site startup. Cancelling site startup., DetailsLevel: ERR
2026-09-14T18:46:42.9951540Z State: Stopping, Action: StoppingSiteNetworks, LastError: ContainerStartupFailure, LastErrorTimestamp: 09/14/2026 18:46:42, LastErrorDetails: Container exited with exit code 3 during startup after 25.9s. Please inspect your container logs for more details., Details: Site container: srn-bhavya-app terminated during site startup. Cancelling site startup., DetailsLevel: ERR
2026-09-14T18:46:43.1036608Z Site: srn-bhavya-app will be blocked for 2 minutes till 09/14/2026 18:48:43
2026-09-14T18:46:43.1046370Z State: Blocked, Action: StoppingSiteNetworks, LastError: ContainerStartupFailure, LastErrorTimestamp: 09/14/2026 18:46:42, LastErrorDetails: Container exited with exit code 3 during startup after 25.9s. Please inspect your container logs for more details., Details: Site: srn-bhavya-app will be blocked for 2 minutes till 09/14/2026 18:48:43, DetailsLevel: WARN
2026-09-14T18:46:43.1055944Z State: Stopped, Action: None, LastError: ContainerStartupFailure, LastErrorTimestamp: 09/14/2026 18:46:42, LastErrorDetails: Container exited with exit code 3 during startup after 25.9s. Please inspect your container logs for more details., Details: Site stopped at 09/14/2026 18:46:43 (UTC), DetailsLevel: WARN
2026-09-14T18:46:43.9790385Z State: Stopped, Action: None, LastError: ContainerStartupFailure, LastErrorTimestamp: 09/14/2026 18:46:42, LastErrorDetails: Container exited with exit code 3 during startup after 25.9s. Please inspect your container logs for more details., Details: Site stopped at 09/14/2026 18:46:43 (UTC), DetailsLevel: WARN
2026-09-14T18:48:43.1037785Z Site: srn-bhavya-app is unblocked.
2026-09-14T19:34:05.5685762Z State: Starting, Action: EstablishingSiteNetworks, LastError: ContainerStartupFailure, LastErrorTimestamp: 09/14/2026 18:46:42, LastErrorDetails: Container exited with exit code 3 during startup after 25.9s. Please inspect your container logs for more details., Details: Site stopped at 09/14/2026 18:46:43 (UTC), DetailsLevel: WARN
2026-09-14T19:34:07.5498821Z State: Starting, Action: StartingSiteContainers, LastError: ContainerStartupFailure, LastErrorTimestamp: 09/14/2026 18:46:42, LastErrorDetails: Container exited with exit code 3 during startup after 25.9s. Please inspect your container logs for more details., Details: Site stopped at 09/14/2026 18:46:43 (UTC), DetailsLevel: WARN
2026-09-14T19:34:07.5500207Z Container start method called.
2026-09-14T19:34:07.5507432Z State: Starting, Action: PullingImage, LastError: ContainerStartupFailure, LastErrorTimestamp: 09/14/2026 18:46:42, LastErrorDetails: Container exited with exit code 3 during startup after 25.9s. Please inspect your container logs for more details., Details: Pulling image 10.1.0.6:13209/appsvc/python:3.11_20260910.3.tuxprod for srn-bhavya-app., DetailsLevel: INFO
2026-09-14T19:34:07.5508632Z Establishing network.
2026-09-14T19:34:07.5511927Z Pulling image: appsvc/python:3.11_20260910.3.tuxprod.
2026-09-14T19:34:08.3207331Z Container is starting.
2026-09-14T19:34:08.3211053Z State: Starting, Action: MountingVolumes, LastError: ContainerStartupFailure, LastErrorTimestamp: 09/14/2026 18:46:42, LastErrorDetails: Container exited with exit code 3 during startup after 25.9s. Please inspect your container logs for more details., Details: Mounting volumes for srn-bhavya-app., DetailsLevel: INFO
2026-09-14T19:34:08.3211989Z Establishing user namespace if not established already.
2026-09-14T19:34:08.3212503Z Establishing network if not established already.
2026-09-14T19:34:08.3212980Z Mounting volumes.
2026-09-14T19:34:08.3298551Z Nested mountpoint 
2026-09-14T19:34:08.3422444Z Nested mountpoint volatile/logs
2026-09-14T19:34:08.3523490Z Nested mountpoint 
2026-09-14T19:34:08.3724350Z Nested mountpoint 
2026-09-14T19:34:08.3728517Z Nested mountpoint 
2026-09-14T19:34:08.4522232Z Nested mountpoint 
2026-09-14T19:34:08.8128198Z State: Starting, Action: CreatingContainer, LastError: ContainerStartupFailure, LastErrorTimestamp: 09/14/2026 18:46:42, LastErrorDetails: Container exited with exit code 3 during startup after 25.9s. Please inspect your container logs for more details., Details: Finished pulling container image and mounting volumes for srn-bhavya-app. Allocatinng the rest of the container resources to finish container creation., DetailsLevel: INFO
2026-09-14T19:34:08.8140904Z Creating container.
2026-09-14T19:34:08.8205190Z Creating pipes for streaming container io.
2026-09-14T19:34:08.8213325Z Creating stdout named pipe at /podr/container/pipe/2ab41b14d6c9_srn-bhavya-app/stdout_bb0c860dc84540678ba49831d045a5ca.
2026-09-14T19:34:08.8232307Z Successfully created stdout named pipe at: /podr/container/pipe/2ab41b14d6c9_srn-bhavya-app/stdout_bb0c860dc84540678ba49831d045a5ca.
2026-09-14T19:34:08.8232827Z Opening named pipe /podr/container/pipe/2ab41b14d6c9_srn-bhavya-app/stdout_bb0c860dc84540678ba49831d045a5ca for reading in non-blocking mode.
2026-09-14T19:34:08.8233329Z Successfully opened named pipe: /podr/container/pipe/2ab41b14d6c9_srn-bhavya-app/stdout_bb0c860dc84540678ba49831d045a5ca.
2026-09-14T19:34:08.8233703Z Successfully removed non-blocking flag from /podr/container/pipe/2ab41b14d6c9_srn-bhavya-app/stdout_bb0c860dc84540678ba49831d045a5ca.
2026-09-14T19:34:08.8236093Z Creating stderr named pipe at /podr/container/pipe/2ab41b14d6c9_srn-bhavya-app/stderr_08fe8e59f62c490e9d5f56bb8d246da5.
2026-09-14T19:34:08.8236874Z Successfully created stderr named pipe at: /podr/container/pipe/2ab41b14d6c9_srn-bhavya-app/stderr_08fe8e59f62c490e9d5f56bb8d246da5.
2026-09-14T19:34:08.8237255Z Opening named pipe /podr/container/pipe/2ab41b14d6c9_srn-bhavya-app/stderr_08fe8e59f62c490e9d5f56bb8d246da5 for reading in non-blocking mode.
2026-09-14T19:34:08.8237685Z Successfully opened named pipe: /podr/container/pipe/2ab41b14d6c9_srn-bhavya-app/stderr_08fe8e59f62c490e9d5f56bb8d246da5.
2026-09-14T19:34:08.8238055Z Successfully removed non-blocking flag from /podr/container/pipe/2ab41b14d6c9_srn-bhavya-app/stderr_08fe8e59f62c490e9d5f56bb8d246da5.
2026-09-14T19:34:08.8321164Z Creating container with image: appsvc/python:3.11_20260910.3.tuxprod from registry: 10.1.0.6:13209 and fully qualified image name: 10.1.0.6:13209/appsvc/python:3.11_20260910.3.tuxprod
2026-09-14T19:34:09.7693957Z Starting container: 2ab41b14d6c9_srn-bhavya-app.
2026-09-14T19:34:09.8465070Z Starting watchers and probes.
2026-09-14T19:34:09.8568565Z Starting metrics collection.
2026-09-14T19:34:09.8579737Z Container is running.
2026-09-14T19:34:09.8596054Z State: Starting, Action: CreatingContainer, LastError: ContainerStartupFailure, LastErrorTimestamp: 09/14/2026 18:46:42, LastErrorDetails: Container exited with exit code 3 during startup after 25.9s. Please inspect your container logs for more details., Details: Container srn-bhavya-app successfully created and is running., DetailsLevel: INFO
2026-09-14T19:34:10.0184429Z Container start method finished after 2467 ms.
2026-09-14T19:34:10.0203220Z State: Starting, Action: InitiatingSiteWarmUpProbe, LastError: ContainerStartupFailure, LastErrorTimestamp: 09/14/2026 18:46:42, LastErrorDetails: Container exited with exit code 3 during startup after 25.9s. Please inspect your container logs for more details., Details: Container srn-bhavya-app successfully created and is running., DetailsLevel: INFO
2026-09-14T19:34:10.0204505Z State: Starting, Action: WaitingForSiteWarmUpProbeSuccess, LastError: ContainerStartupFailure, LastErrorTimestamp: 09/14/2026 18:46:42, LastErrorDetails: Container exited with exit code 3 during startup after 25.9s. Please inspect your container logs for more details., Details: Pinging warmup path to ensure container is ready to receive requests., DetailsLevel: INFO
2026-09-14T19:34:36.7916182Z Container has finished running with exit code: 3.
2026-09-14T19:34:36.7931215Z Container is terminating. Grace period: 5 seconds.
2026-09-14T19:34:36.8114612Z Stop and delete container. Retry count = 0
2026-09-14T19:34:36.8125464Z Stopping container: 2ab41b14d6c9_srn-bhavya-app.
2026-09-14T19:34:36.9548392Z Deleting container: 2ab41b14d6c9_srn-bhavya-app. Retry count = 0
2026-09-14T19:34:37.1730166Z Container get mounts received unexpected exception.
2026-09-14T19:34:37.2320786Z Container get processes received unexpected exception.
2026-09-14T19:34:37.3536826Z Container spec TerminationMessagePolicy  path 
2026-09-14T19:34:37.3805604Z Container is terminated. Total time elapsed: 569 ms.
2026-09-14T19:34:37.3818609Z Site container: srn-bhavya-app terminated during site startup.
2026-09-14T19:34:37.3832424Z State: Stopping, Action: CancellingStartup, LastError: ContainerStartupFailure, LastErrorTimestamp: 09/14/2026 18:46:42, LastErrorDetails: Container exited with exit code 3 during startup after 25.9s. Please inspect your container logs for more details., Details: Site container: srn-bhavya-app terminated during site startup. Cancelling site startup., DetailsLevel: ERR
2026-09-14T19:34:37.4120739Z Site startup probe failed after 27.3354083 seconds.
2026-09-14T19:34:37.7838850Z State: Stopping, Action: CancellingStartup, LastError: ContainerStartupFailure, LastErrorTimestamp: 09/14/2026 19:34:37, LastErrorDetails: Container exited with exit code 3 during startup after 27.5s. Please inspect your container logs for more details., Details: Site container: srn-bhavya-app terminated during site startup. Cancelling site startup., DetailsLevel: ERR
2026-09-14T19:34:38.2801861Z Failed to start site. Revert by stopping site.
2026-09-14T19:34:38.2808833Z State: Stopping, Action: StoppingSite, LastError: ContainerStartupFailure, LastErrorTimestamp: 09/14/2026 19:34:37, LastErrorDetails: Container exited with exit code 3 during startup after 27.5s. Please inspect your container logs for more details., Details: Site container: srn-bhavya-app terminated during site startup. Cancelling site startup., DetailsLevel: ERR
2026-09-14T19:34:38.2878807Z State: Stopping, Action: StoppingSiteContainers, LastError: ContainerStartupFailure, LastErrorTimestamp: 09/14/2026 19:34:37, LastErrorDetails: Container exited with exit code 3 during startup after 27.5s. Please inspect your container logs for more details., Details: Site container: srn-bhavya-app terminated during site startup. Cancelling site startup., DetailsLevel: ERR
2026-09-14T19:34:38.2879026Z Site: srn-bhavya-app stopped.
